date,policy_adjustment_flag,shock_type,adjustment_type,discord_alert_sent,policy_response_delay,economic_sentiment_discord
2015-01-01,,,,,,
2015-02-01,,,,,,
2015-03-01,,,,,,
2015-04-01,,,,,,
2015-05-01,,,,,,
2015-06-01,,,,,,
2015-07-01,,,,,,
2015-08-01,,,,,,
2015-09-01,,,,,,
2015-10-01,,,,,,
2015-11-01,,,,,,
2015-12-01,,,,,,
2016-01-01,,,,,,
2016-02-01,,,,,,
2016-03-01,,,,,,
2016-04-01,,,,,,
2016-05-01,,,,,,
2016-06-01,,,,,,
2016-07-01,,,,,,
2016-08-01,,,,,,
2016-09-01,,,,,,
2016-10-01,,,,,,
2016-11-01,,,,,,
2016-12-01,,,,,,
2017-01-01,,,,,,
2017-02-01,,,,,,
2017-03-01,,,,,,
2017-04-01,,,,,,
2017-05-01,,,,,,
2017-06-01,,,,,,
2017-07-01,,,,,,
2017-08-01,,,,,,
2017-09-01,,,,,,
2017-10-01,,,,,,
2017-11-01,,,,,,
2017-12-01,,,,,,
2018-01-01,,,,,,
2018-02-01,,,,,,
2018-03-01,,,,,,
2018-04-01,,,,,,
2018-05-01,,,,,,
2018-06-01,,,,,,
2018-07-01,,,,,,
2018-08-01,,,,,,
2018-09-01,,,,,,
2018-10-01,,,,,,
2018-11-01,,,,,,
2018-12-01,,,,,,
2019-01-01,,,,,,
2019-02-01,,,,,,
2019-03-01,,,,,,
2019-04-01,,,,,,
2019-05-01,,,,,,
2019-06-01,,,,,,
2019-07-01,,,,,,
2019-08-01,,,,,,
2019-09-01,,,,,,
2019-10-01,,,,,,
2019-11-01,,,,,,
2019-12-01,,,,,,
2020-05-01 00:00:00,1.0,COVID-19,hausse taux,1.0,0.0,94.95
2021-12-01 00:00:00,0.0,inflation,aucun,1.0,0.0,61.31
2022-08-01 00:00:00,0.0,inflation,baisse taux,0.0,2.0,63.37
2022-02-01 00:00:00,0.0,COVID-19,injection liquidité,0.0,3.0,66.31
2020-10-01 00:00:00,1.0,aucun,hausse taux,0.0,1.0,55.53
2021-04-01 00:00:00,1.0,conflit externe,baisse taux,0.0,1.0,87.88
2020-03-01 00:00:00,0.0,inflation,baisse taux,0.0,2.0,95.51
2021-11-01 00:00:00,1.0,COVID-19,aucun,1.0,1.0,63.02
2020-10-01 00:00:00,0.0,aucun,injection liquidité,0.0,2.0,58.54
2021-07-01 00:00:00,1.0,COVID-19,aucun,0.0,1.0,43.34
2021-07-01 00:00:00,0.0,aucun,hausse taux,0.0,4.0,62.65
2020-09-01 00:00:00,1.0,aucun,aucun,0.0,3.0,94.2
2020-03-01 00:00:00,1.0,aucun,hausse taux,0.0,2.0,52.88
2021-12-01 00:00:00,0.0,COVID-19,hausse taux,0.0,2.0,75.62
2020-01-01 00:00:00,1.0,inflation,aucun,1.0,1.0,71.6
2020-12-01 00:00:00,0.0,conflit externe,injection liquidité,0.0,3.0,37.31
2021-10-01 00:00:00,0.0,COVID-19,aucun,0.0,4.0,48.61
2022-10-01 00:00:00,0.0,COVID-19,hausse taux,0.0,2.0,95.07
2021-03-01 00:00:00,0.0,aucun,baisse taux,0.0,1.0,81.09
2020-12-01 00:00:00,1.0,conflit externe,aucun,1.0,2.0,43.06
2021-02-01 00:00:00,1.0,inflation,aucun,0.0,2.0,71.49
2020-03-01 00:00:00,0.0,aucun,hausse taux,1.0,2.0,66.63
2021-01-01 00:00:00,0.0,COVID-19,baisse taux,0.0,0.0,78.16
2022-03-01 00:00:00,0.0,COVID-19,injection liquidité,1.0,1.0,35.67
2022-01-01 00:00:00,0.0,inflation,injection liquidité,0.0,4.0,74.26
2022-08-01 00:00:00,1.0,inflation,injection liquidité,1.0,3.0,33.89
2020-07-01 00:00:00,0.0,inflation,baisse taux,0.0,4.0,73.97
2020-04-01 00:00:00,0.0,inflation,aucun,0.0,1.0,61.8
2020-02-01 00:00:00,1.0,COVID-19,injection liquidité,1.0,1.0,68.62
2021-03-01 00:00:00,0.0,inflation,hausse taux,0.0,0.0,42.88
2021-12-01 00:00:00,0.0,inflation,hausse taux,0.0,1.0,98.33
2020-03-01 00:00:00,0.0,inflation,baisse taux,1.0,1.0,97.87
2021-08-01 00:00:00,0.0,conflit externe,hausse taux,0.0,3.0,67.05
2020-07-01 00:00:00,0.0,COVID-19,hausse taux,0.0,2.0,61.28
2021-06-01 00:00:00,0.0,inflation,aucun,0.0,2.0,64.83
2022-05-01 00:00:00,1.0,COVID-19,baisse taux,0.0,2.0,83.47
2020-09-01 00:00:00,1.0,inflation,aucun,1.0,1.0,63.67
2022-03-01 00:00:00,1.0,COVID-19,hausse taux,0.0,3.0,75.86
2021-06-01 00:00:00,0.0,COVID-19,aucun,1.0,2.0,39.56
2020-05-01 00:00:00,0.0,inflation,hausse taux,0.0,0.0,85.23
2021-10-01 00:00:00,0.0,aucun,hausse taux,0.0,0.0,39.74
2021-10-01 00:00:00,0.0,inflation,aucun,0.0,2.0,38.87
2020-09-01 00:00:00,0.0,COVID-19,baisse taux,1.0,3.0,69.22
2021-01-01 00:00:00,1.0,aucun,aucun,1.0,1.0,54.35
2022-01-01 00:00:00,0.0,inflation,baisse taux,0.0,2.0,53.54
2022-06-01 00:00:00,1.0,inflation,hausse taux,0.0,2.0,61.34
2021-07-01 00:00:00,1.0,aucun,baisse taux,0.0,3.0,88.52
2022-10-01 00:00:00,0.0,inflation,baisse taux,1.0,2.0,39.65
2020-04-01 00:00:00,0.0,inflation,aucun,0.0,2.0,56.27
2020-09-01 00:00:00,0.0,conflit externe,hausse taux,0.0,1.0,88.12
2022-09-01 00:00:00,0.0,aucun,baisse taux,0.0,1.0,98.33
2020-03-01 00:00:00,0.0,inflation,aucun,1.0,0.0,58.75
2020-06-01 00:00:00,0.0,inflation,baisse taux,0.0,0.0,60.99
2020-05-01 00:00:00,0.0,COVID-19,hausse taux,1.0,1.0,99.2
2021-12-01 00:00:00,0.0,aucun,aucun,1.0,4.0,86.92
2022-11-01 00:00:00,0.0,inflation,hausse taux,0.0,1.0,55.84
2020-08-01 00:00:00,0.0,conflit externe,hausse taux,0.0,5.0,83.39
2022-11-01 00:00:00,0.0,aucun,baisse taux,0.0,1.0,73.15
2021-11-01 00:00:00,1.0,COVID-19,baisse taux,1.0,1.0,58.67
2022-12-01 00:00:00,1.0,COVID-19,hausse taux,0.0,2.0,74.7
2022-05-01 00:00:00,1.0,aucun,hausse taux,0.0,3.0,43.47
2020-05-01 00:00:00,1.0,inflation,baisse taux,1.0,4.0,53.65
2020-03-01 00:00:00,1.0,inflation,injection liquidité,0.0,1.0,36.54
2022-03-01 00:00:00,0.0,aucun,baisse taux,0.0,2.0,38.77
2021-12-01 00:00:00,1.0,aucun,injection liquidité,0.0,2.0,31.67
2022-04-01 00:00:00,0.0,COVID-19,hausse taux,1.0,2.0,82.55
2020-01-01 00:00:00,1.0,COVID-19,aucun,0.0,2.0,64.51
2020-10-01 00:00:00,0.0,conflit externe,hausse taux,1.0,1.0,40.29
2020-11-01 00:00:00,0.0,aucun,injection liquidité,0.0,4.0,88.3
2022-11-01 00:00:00,0.0,inflation,baisse taux,1.0,2.0,90.05
2021-01-01 00:00:00,0.0,aucun,hausse taux,1.0,2.0,39.13
2022-12-01 00:00:00,1.0,COVID-19,hausse taux,0.0,4.0,73.51
2021-12-01 00:00:00,0.0,inflation,hausse taux,0.0,0.0,98.8
2021-06-01 00:00:00,0.0,aucun,injection liquidité,0.0,1.0,88.02
2020-07-01 00:00:00,1.0,inflation,injection liquidité,0.0,3.0,71.12
2021-07-01 00:00:00,0.0,conflit externe,aucun,0.0,2.0,78.72
2021-08-01 00:00:00,1.0,aucun,hausse taux,0.0,4.0,96.52
2021-06-01 00:00:00,1.0,COVID-19,hausse taux,1.0,4.0,34.12
2022-12-01 00:00:00,1.0,inflation,baisse taux,0.0,4.0,96.64
2021-09-01 00:00:00,1.0,inflation,injection liquidité,1.0,1.0,44.44
2021-05-01 00:00:00,0.0,inflation,baisse taux,0.0,4.0,61.27
2021-06-01 00:00:00,1.0,aucun,aucun,1.0,3.0,98.03
2021-05-01 00:00:00,1.0,inflation,hausse taux,0.0,0.0,55.1
2021-05-01 00:00:00,0.0,inflation,aucun,0.0,1.0,41.9
2021-07-01 00:00:00,1.0,conflit externe,injection liquidité,0.0,2.0,87.63
2020-02-01 00:00:00,0.0,aucun,baisse taux,1.0,2.0,45.45
2022-10-01 00:00:00,0.0,inflation,aucun,1.0,1.0,98.57
2022-04-01 00:00:00,0.0,inflation,injection liquidité,0.0,0.0,86.02
2020-12-01 00:00:00,0.0,aucun,baisse taux,0.0,0.0,89.73
2020-07-01 00:00:00,1.0,COVID-19,baisse taux,0.0,0.0,54.56
2021-03-01 00:00:00,1.0,aucun,hausse taux,1.0,1.0,55.95
2021-06-01 00:00:00,0.0,inflation,injection liquidité,0.0,2.0,93.24
2022-04-01 00:00:00,0.0,COVID-19,aucun,0.0,1.0,32.3
2021-02-01 00:00:00,1.0,aucun,aucun,1.0,1.0,82.45
2022-10-01 00:00:00,0.0,COVID-19,hausse taux,0.0,0.0,59.8
2021-01-01 00:00:00,0.0,inflation,baisse taux,1.0,0.0,80.77
2020-07-01 00:00:00,1.0,inflation,aucun,1.0,0.0,36.56
2021-08-01 00:00:00,0.0,conflit externe,aucun,0.0,1.0,37.93
2021-06-01 00:00:00,0.0,COVID-19,injection liquidité,0.0,3.0,34.04
2021-01-01 00:00:00,0.0,inflation,injection liquidité,0.0,0.0,30.37
2020-05-01 00:00:00,0.0,COVID-19,hausse taux,1.0,2.0,67.07
2020-07-01 00:00:00,1.0,aucun,aucun,0.0,4.0,80.71
2021-11-01 00:00:00,1.0,aucun,aucun,0.0,1.0,40.67
2020-07-01 00:00:00,1.0,conflit externe,baisse taux,0.0,2.0,44.59
2022-09-01 00:00:00,0.0,inflation,injection liquidité,0.0,1.0,35.96
2021-04-01 00:00:00,1.0,aucun,aucun,1.0,0.0,48.97
2022-05-01 00:00:00,0.0,inflation,aucun,1.0,3.0,66.97
2022-01-01 00:00:00,0.0,aucun,hausse taux,0.0,0.0,70.68
2021-06-01 00:00:00,1.0,conflit externe,aucun,0.0,2.0,72.0
2021-07-01 00:00:00,1.0,aucun,baisse taux,0.0,1.0,88.41
2022-01-01 00:00:00,0.0,inflation,aucun,0.0,2.0,31.35
2020-05-01 00:00:00,0.0,inflation,injection liquidité,0.0,3.0,71.28
2022-01-01 00:00:00,1.0,inflation,aucun,1.0,2.0,40.81
2021-08-01 00:00:00,0.0,inflation,injection liquidité,0.0,1.0,34.84
2020-03-01 00:00:00,0.0,COVID-19,aucun,1.0,3.0,86.78
2022-04-01 00:00:00,0.0,aucun,baisse taux,0.0,2.0,32.21
2022-12-01 00:00:00,0.0,COVID-19,baisse taux,0.0,5.0,98.73
2022-05-01 00:00:00,1.0,conflit externe,hausse taux,1.0,1.0,35.55
2021-01-01 00:00:00,0.0,aucun,injection liquidité,0.0,3.0,56.17
2020-05-01 00:00:00,0.0,COVID-19,aucun,0.0,0.0,46.66
2022-04-01 00:00:00,0.0,inflation,aucun,1.0,2.0,33.77
2020-01-01 00:00:00,0.0,conflit externe,baisse taux,0.0,4.0,76.01
2021-09-01 00:00:00,0.0,inflation,injection liquidité,1.0,2.0,39.27
2022-01-01 00:00:00,0.0,inflation,aucun,0.0,2.0,63.57
2022-05-01 00:00:00,0.0,conflit externe,hausse taux,1.0,1.0,44.98
2022-03-01 00:00:00,1.0,COVID-19,aucun,1.0,2.0,62.65
2021-12-01 00:00:00,0.0,inflation,aucun,0.0,1.0,50.77
2022-03-01 00:00:00,0.0,inflation,baisse taux,1.0,1.0,38.07
2021-08-01 00:00:00,0.0,aucun,aucun,1.0,0.0,65.45
2021-08-01 00:00:00,0.0,aucun,aucun,0.0,1.0,75.64
2020-05-01 00:00:00,0.0,inflation,hausse taux,1.0,2.0,49.74
2021-03-01 00:00:00,0.0,inflation,aucun,0.0,2.0,46.79
2021-11-01 00:00:00,0.0,inflation,injection liquidité,0.0,0.0,77.56
2020-09-01 00:00:00,0.0,inflation,baisse taux,1.0,1.0,55.13
2020-10-01 00:00:00,1.0,inflation,hausse taux,1.0,2.0,95.19
2022-01-01 00:00:00,0.0,aucun,aucun,0.0,2.0,79.61
2020-08-01 00:00:00,0.0,inflation,injection liquidité,0.0,2.0,50.04
2021-10-01 00:00:00,0.0,inflation,aucun,1.0,1.0,61.21
2022-07-01 00:00:00,0.0,inflation,baisse taux,1.0,0.0,92.53
2022-03-01 00:00:00,1.0,aucun,hausse taux,1.0,5.0,52.21
2022-02-01 00:00:00,0.0,inflation,hausse taux,1.0,3.0,48.86
2022-04-01 00:00:00,0.0,COVID-19,baisse taux,0.0,0.0,66.46
2020-06-01 00:00:00,1.0,aucun,hausse taux,0.0,4.0,89.18
2022-05-01 00:00:00,1.0,inflation,baisse taux,0.0,3.0,32.83
2021-07-01 00:00:00,0.0,inflation,baisse taux,0.0,5.0,97.85
2020-01-01 00:00:00,0.0,inflation,hausse taux,1.0,1.0,81.93
2020-04-01 00:00:00,0.0,COVID-19,injection liquidité,1.0,2.0,86.08
2022-08-01 00:00:00,0.0,aucun,aucun,0.0,1.0,38.08
2020-10-01 00:00:00,1.0,inflation,injection liquidité,0.0,1.0,43.43
2022-10-01 00:00:00,0.0,inflation,injection liquidité,1.0,4.0,83.02
2022-09-01 00:00:00,1.0,inflation,baisse taux,0.0,3.0,66.37
2020-05-01 00:00:00,1.0,COVID-19,baisse taux,1.0,4.0,40.69
2021-02-01 00:00:00,0.0,inflation,injection liquidité,1.0,0.0,91.24
2020-05-01 00:00:00,0.0,inflation,aucun,1.0,1.0,75.37
2020-03-01 00:00:00,0.0,COVID-19,hausse taux,0.0,2.0,54.57
2021-10-01 00:00:00,0.0,inflation,aucun,0.0,3.0,81.07
2022-04-01 00:00:00,0.0,aucun,hausse taux,0.0,1.0,90.64
2021-03-01 00:00:00,0.0,COVID-19,aucun,1.0,1.0,52.86
2021-08-01 00:00:00,1.0,aucun,injection liquidité,1.0,1.0,97.94
2020-09-01 00:00:00,1.0,COVID-19,aucun,0.0,2.0,34.21
2022-04-01 00:00:00,0.0,aucun,aucun,0.0,1.0,79.85
2020-07-01 00:00:00,0.0,COVID-19,hausse taux,0.0,0.0,42.73
2021-10-01 00:00:00,0.0,inflation,baisse taux,0.0,4.0,56.78
2020-08-01 00:00:00,0.0,COVID-19,hausse taux,0.0,1.0,34.24
2020-11-01 00:00:00,1.0,inflation,baisse taux,0.0,2.0,76.7
2022-01-01 00:00:00,1.0,aucun,injection liquidité,0.0,0.0,35.61
2022-07-01 00:00:00,0.0,inflation,aucun,0.0,2.0,58.6
2022-08-01 00:00:00,0.0,COVID-19,aucun,1.0,0.0,46.59
2021-03-01 00:00:00,1.0,aucun,hausse taux,1.0,1.0,77.31
2022-10-01 00:00:00,1.0,inflation,injection liquidité,0.0,5.0,71.79
2022-01-01 00:00:00,0.0,conflit externe,injection liquidité,1.0,7.0,84.44
2021-03-01 00:00:00,1.0,inflation,baisse taux,1.0,0.0,40.38
2021-11-01 00:00:00,0.0,COVID-19,baisse taux,0.0,1.0,66.74
2022-07-01 00:00:00,1.0,COVID-19,baisse taux,0.0,3.0,98.54
2020-08-01 00:00:00,0.0,COVID-19,aucun,0.0,2.0,61.07
2021-01-01 00:00:00,1.0,aucun,hausse taux,0.0,3.0,60.76
2020-02-01 00:00:00,0.0,aucun,aucun,0.0,2.0,67.94
2020-02-01 00:00:00,0.0,aucun,baisse taux,0.0,2.0,79.63
2022-08-01 00:00:00,1.0,COVID-19,baisse taux,0.0,4.0,87.02
2022-12-01 00:00:00,0.0,COVID-19,hausse taux,1.0,0.0,60.14
2022-11-01 00:00:00,1.0,COVID-19,baisse taux,0.0,2.0,81.79
2021-09-01 00:00:00,0.0,aucun,baisse taux,0.0,4.0,38.32
2020-08-01 00:00:00,0.0,conflit externe,baisse taux,0.0,2.0,76.29
2022-04-01 00:00:00,1.0,aucun,baisse taux,0.0,4.0,30.33
2022-10-01 00:00:00,0.0,aucun,aucun,0.0,4.0,69.63
2020-10-01 00:00:00,1.0,aucun,hausse taux,1.0,1.0,50.66
2022-07-01 00:00:00,0.0,COVID-19,hausse taux,0.0,3.0,39.33
2020-04-01 00:00:00,0.0,aucun,hausse taux,0.0,1.0,59.88
2020-12-01 00:00:00,1.0,aucun,baisse taux,1.0,1.0,80.94
2022-01-01 00:00:00,0.0,COVID-19,baisse taux,1.0,4.0,57.14
2020-10-01 00:00:00,0.0,COVID-19,baisse taux,0.0,3.0,92.94
2021-09-01 00:00:00,1.0,inflation,baisse taux,0.0,1.0,73.95
2022-03-01 00:00:00,0.0,inflation,injection liquidité,0.0,0.0,40.75
2021-06-01 00:00:00,0.0,aucun,aucun,0.0,3.0,41.7
2021-04-01 00:00:00,1.0,inflation,hausse taux,1.0,5.0,80.19
2020-03-01 00:00:00,0.0,COVID-19,hausse taux,1.0,3.0,63.8
2022-08-01 00:00:00,0.0,inflation,baisse taux,0.0,2.0,91.29
2020-07-01 00:00:00,0.0,aucun,injection liquidité,1.0,1.0,73.45
2020-12-01 00:00:00,1.0,aucun,hausse taux,1.0,4.0,64.91
2022-05-01 00:00:00,0.0,inflation,baisse taux,0.0,2.0,97.22
2022-05-01 00:00:00,0.0,inflation,aucun,0.0,3.0,69.68
2020-10-01 00:00:00,0.0,aucun,aucun,0.0,2.0,82.98
2022-03-01 00:00:00,1.0,aucun,injection liquidité,0.0,1.0,89.67
2020-08-01 00:00:00,1.0,inflation,baisse taux,1.0,1.0,48.77
2021-01-01 00:00:00,0.0,COVID-19,baisse taux,1.0,1.0,95.24
2020-02-01 00:00:00,0.0,inflation,injection liquidité,0.0,2.0,82.63
2022-03-01 00:00:00,1.0,inflation,baisse taux,1.0,1.0,73.6
2020-11-01 00:00:00,0.0,COVID-19,injection liquidité,0.0,2.0,76.85
2020-08-01 00:00:00,1.0,aucun,aucun,1.0,0.0,44.71
2020-09-01 00:00:00,0.0,COVID-19,injection liquidité,0.0,2.0,79.65
2022-06-01 00:00:00,1.0,COVID-19,aucun,0.0,0.0,54.65
2021-04-01 00:00:00,1.0,inflation,baisse taux,0.0,0.0,90.47
2022-10-01 00:00:00,0.0,conflit externe,injection liquidité,0.0,2.0,50.65
2022-07-01 00:00:00,1.0,COVID-19,baisse taux,1.0,2.0,76.12
2021-04-01 00:00:00,1.0,inflation,baisse taux,0.0,1.0,32.85
2020-01-01 00:00:00,1.0,inflation,injection liquidité,0.0,3.0,90.36
2022-04-01 00:00:00,1.0,inflation,aucun,1.0,2.0,63.07
2020-11-01 00:00:00,0.0,inflation,injection liquidité,1.0,1.0,92.41
2020-02-01 00:00:00,0.0,inflation,aucun,1.0,3.0,79.53
2020-12-01 00:00:00,1.0,inflation,baisse taux,1.0,2.0,69.76
2022-07-01 00:00:00,0.0,COVID-19,hausse taux,0.0,2.0,55.36
2022-07-01 00:00:00,0.0,aucun,aucun,0.0,3.0,90.21
2022-06-01 00:00:00,1.0,COVID-19,aucun,1.0,2.0,99.37
2020-03-01 00:00:00,0.0,inflation,aucun,0.0,0.0,42.65
2021-01-01 00:00:00,0.0,inflation,baisse taux,1.0,3.0,86.23
2020-01-01 00:00:00,0.0,aucun,baisse taux,0.0,1.0,55.88
2020-05-01 00:00:00,1.0,aucun,aucun,1.0,4.0,63.23
2021-11-01 00:00:00,0.0,inflation,injection liquidité,1.0,0.0,39.52
2022-03-01 00:00:00,0.0,inflation,baisse taux,0.0,3.0,86.63
2021-12-01 00:00:00,1.0,inflation,injection liquidité,1.0,1.0,92.11
2022-08-01 00:00:00,1.0,COVID-19,aucun,0.0,0.0,79.32
2020-06-01 00:00:00,0.0,inflation,aucun,1.0,4.0,98.63
2020-11-01 00:00:00,1.0,inflation,hausse taux,0.0,1.0,88.75
2022-08-01 00:00:00,1.0,inflation,hausse taux,1.0,1.0,31.03
2020-06-01 00:00:00,0.0,COVID-19,hausse taux,0.0,5.0,94.99
2022-05-01 00:00:00,0.0,aucun,aucun,1.0,3.0,75.9
2022-03-01 00:00:00,0.0,inflation,aucun,1.0,0.0,33.19
2022-08-01 00:00:00,1.0,inflation,baisse taux,1.0,1.0,95.86
2021-07-01 00:00:00,0.0,conflit externe,aucun,1.0,1.0,53.71
2021-02-01 00:00:00,0.0,COVID-19,hausse taux,0.0,2.0,60.88
2021-02-01 00:00:00,0.0,COVID-19,aucun,0.0,4.0,69.36
2022-12-01 00:00:00,0.0,COVID-19,injection liquidité,1.0,1.0,54.5
2022-09-01 00:00:00,0.0,aucun,hausse taux,1.0,3.0,48.03
2020-11-01 00:00:00,0.0,aucun,baisse taux,0.0,1.0,52.26
2021-09-01 00:00:00,0.0,aucun,baisse taux,1.0,2.0,91.84
2022-10-01 00:00:00,0.0,inflation,aucun,1.0,2.0,96.25
2022-11-01 00:00:00,0.0,inflation,aucun,0.0,2.0,95.41
2021-01-01 00:00:00,0.0,COVID-19,aucun,1.0,3.0,35.18
2020-03-01 00:00:00,0.0,inflation,baisse taux,0.0,0.0,62.59
2021-09-01 00:00:00,0.0,conflit externe,hausse taux,0.0,3.0,32.16
2020-09-01 00:00:00,0.0,inflation,aucun,1.0,1.0,73.97
2020-04-01 00:00:00,0.0,inflation,baisse taux,0.0,2.0,56.09
2022-11-01 00:00:00,0.0,inflation,hausse taux,0.0,3.0,82.05
2021-05-01 00:00:00,0.0,inflation,baisse taux,0.0,2.0,77.76
2020-08-01 00:00:00,0.0,COVID-19,baisse taux,1.0,1.0,63.53
2020-05-01 00:00:00,1.0,inflation,baisse taux,0.0,0.0,72.33
2020-11-01 00:00:00,0.0,conflit externe,injection liquidité,0.0,2.0,70.96
2020-03-01 00:00:00,0.0,inflation,injection liquidité,0.0,1.0,33.51
2022-04-01 00:00:00,0.0,inflation,hausse taux,0.0,4.0,51.64
2020-06-01 00:00:00,0.0,aucun,injection liquidité,0.0,1.0,67.53
2020-08-01 00:00:00,1.0,inflation,aucun,0.0,1.0,37.75
2021-09-01 00:00:00,0.0,inflation,injection liquidité,1.0,1.0,61.26
2021-11-01 00:00:00,1.0,aucun,injection liquidité,0.0,0.0,65.78
2020-05-01 00:00:00,0.0,inflation,baisse taux,1.0,3.0,38.61
2022-10-01 00:00:00,0.0,inflation,hausse taux,1.0,3.0,73.7
2022-08-01 00:00:00,1.0,aucun,aucun,1.0,2.0,96.93
2022-04-01 00:00:00,0.0,aucun,baisse taux,1.0,2.0,87.9
2021-07-01 00:00:00,1.0,inflation,aucun,1.0,1.0,75.06
2020-04-01 00:00:00,0.0,inflation,injection liquidité,0.0,1.0,84.5
2021-02-01 00:00:00,0.0,aucun,aucun,0.0,2.0,74.96
2020-08-01 00:00:00,1.0,aucun,aucun,1.0,2.0,42.68
2021-05-01 00:00:00,0.0,conflit externe,injection liquidité,0.0,1.0,92.86
2020-11-01 00:00:00,0.0,COVID-19,aucun,0.0,3.0,60.24
2021-11-01 00:00:00,0.0,aucun,aucun,0.0,1.0,75.85
2020-11-01 00:00:00,0.0,COVID-19,injection liquidité,0.0,1.0,92.28
2022-12-01 00:00:00,0.0,inflation,aucun,1.0,1.0,50.81
2020-05-01 00:00:00,0.0,inflation,baisse taux,1.0,1.0,34.99
2020-05-01 00:00:00,0.0,aucun,hausse taux,1.0,1.0,54.93
2022-09-01 00:00:00,1.0,inflation,aucun,0.0,2.0,82.19
2022-03-01 00:00:00,1.0,conflit externe,aucun,0.0,3.0,56.39
2020-09-01 00:00:00,1.0,COVID-19,baisse taux,0.0,2.0,73.67
2022-05-01 00:00:00,0.0,aucun,baisse taux,1.0,0.0,70.47
2020-01-01 00:00:00,1.0,inflation,aucun,0.0,0.0,68.4
2021-10-01 00:00:00,1.0,aucun,baisse taux,1.0,1.0,41.47
2022-05-01 00:00:00,0.0,COVID-19,aucun,0.0,5.0,70.66
2020-02-01 00:00:00,0.0,inflation,injection liquidité,1.0,0.0,41.03
2021-06-01 00:00:00,1.0,inflation,aucun,0.0,4.0,66.65
2022-05-01 00:00:00,0.0,conflit externe,aucun,0.0,0.0,30.78
2022-01-01 00:00:00,0.0,aucun,injection liquidité,0.0,1.0,72.05
2021-12-01 00:00:00,0.0,COVID-19,aucun,0.0,4.0,54.95
2022-06-01 00:00:00,0.0,aucun,hausse taux,0.0,3.0,90.5
2021-01-01 00:00:00,0.0,inflation,hausse taux,0.0,5.0,65.75
2022-06-01 00:00:00,1.0,COVID-19,hausse taux,0.0,1.0,39.04
2021-12-01 00:00:00,0.0,COVID-19,injection liquidité,1.0,3.0,50.81
2021-05-01 00:00:00,0.0,aucun,hausse taux,1.0,1.0,89.69
2022-01-01 00:00:00,0.0,COVID-19,baisse taux,0.0,1.0,73.66
2020-06-01 00:00:00,0.0,aucun,injection liquidité,0.0,5.0,59.56
2021-04-01 00:00:00,0.0,aucun,aucun,1.0,1.0,65.77
2022-08-01 00:00:00,0.0,aucun,aucun,1.0,2.0,32.3
2020-06-01 00:00:00,0.0,inflation,injection liquidité,0.0,1.0,94.68
2020-04-01 00:00:00,0.0,COVID-19,aucun,1.0,0.0,47.75
2021-07-01 00:00:00,0.0,inflation,injection liquidité,1.0,2.0,70.09
2022-11-01 00:00:00,0.0,inflation,injection liquidité,0.0,3.0,60.71
2021-10-01 00:00:00,0.0,inflation,baisse taux,1.0,2.0,65.56
2021-10-01 00:00:00,0.0,conflit externe,aucun,0.0,3.0,84.27
2022-11-01 00:00:00,0.0,aucun,aucun,0.0,2.0,91.19
2022-02-01 00:00:00,1.0,aucun,hausse taux,1.0,2.0,55.89
2021-12-01 00:00:00,0.0,aucun,hausse taux,0.0,4.0,97.16
2020-10-01 00:00:00,0.0,conflit externe,baisse taux,0.0,2.0,49.44
2020-01-01 00:00:00,1.0,COVID-19,injection liquidité,1.0,1.0,41.75
2022-02-01 00:00:00,0.0,COVID-19,aucun,0.0,1.0,53.0
2020-10-01 00:00:00,0.0,aucun,baisse taux,1.0,1.0,62.06
2021-08-01 00:00:00,0.0,COVID-19,hausse taux,0.0,1.0,48.69
2020-07-01 00:00:00,1.0,inflation,baisse taux,1.0,2.0,64.12
2022-03-01 00:00:00,0.0,inflation,baisse taux,1.0,0.0,89.31
2021-04-01 00:00:00,1.0,inflation,baisse taux,1.0,1.0,91.34
2020-10-01 00:00:00,0.0,inflation,baisse taux,1.0,0.0,98.53
2020-03-01 00:00:00,0.0,inflation,aucun,0.0,1.0,41.47
2020-06-01 00:00:00,0.0,inflation,aucun,1.0,2.0,37.26
2021-02-01 00:00:00,1.0,inflation,aucun,0.0,1.0,69.41
2020-09-01 00:00:00,0.0,COVID-19,injection liquidité,1.0,5.0,88.63
2021-06-01 00:00:00,0.0,aucun,aucun,1.0,1.0,79.33
2021-05-01 00:00:00,0.0,conflit externe,injection liquidité,1.0,2.0,58.14
2022-06-01 00:00:00,0.0,inflation,aucun,0.0,2.0,72.25
2021-05-01 00:00:00,1.0,inflation,baisse taux,0.0,1.0,55.36
2022-06-01 00:00:00,0.0,inflation,baisse taux,0.0,0.0,32.98
2022-08-01 00:00:00,0.0,inflation,baisse taux,1.0,1.0,97.32
2020-02-01 00:00:00,0.0,COVID-19,aucun,1.0,0.0,96.04
2021-06-01 00:00:00,0.0,inflation,baisse taux,0.0,3.0,82.99
2020-02-01 00:00:00,1.0,aucun,aucun,0.0,2.0,68.27
2022-11-01 00:00:00,1.0,inflation,injection liquidité,1.0,4.0,38.03
2021-02-01 00:00:00,1.0,inflation,aucun,0.0,2.0,48.42
2022-03-01 00:00:00,0.0,COVID-19,aucun,0.0,0.0,90.22
2021-09-01 00:00:00,1.0,aucun,injection liquidité,0.0,3.0,77.38
2021-03-01 00:00:00,1.0,inflation,injection liquidité,0.0,3.0,31.18
2022-06-01 00:00:00,0.0,aucun,hausse taux,0.0,2.0,96.87
2021-03-01 00:00:00,0.0,aucun,hausse taux,0.0,1.0,50.65
2020-10-01 00:00:00,0.0,COVID-19,baisse taux,1.0,4.0,59.72
2021-10-01 00:00:00,1.0,inflation,injection liquidité,0.0,2.0,75.47
2021-08-01 00:00:00,1.0,inflation,injection liquidité,0.0,1.0,51.88
2020-08-01 00:00:00,0.0,inflation,baisse taux,0.0,5.0,63.54
2022-09-01 00:00:00,0.0,COVID-19,hausse taux,0.0,3.0,61.4
2021-12-01 00:00:00,1.0,inflation,aucun,0.0,4.0,88.57
2022-04-01 00:00:00,0.0,COVID-19,baisse taux,0.0,0.0,57.42
2020-08-01 00:00:00,0.0,inflation,baisse taux,0.0,2.0,45.42
2021-10-01 00:00:00,1.0,conflit externe,hausse taux,0.0,1.0,80.97
2022-02-01 00:00:00,0.0,inflation,injection liquidité,1.0,4.0,71.81
2021-01-01 00:00:00,0.0,COVID-19,hausse taux,1.0,1.0,95.66
2022-07-01 00:00:00,0.0,aucun,injection liquidité,1.0,4.0,44.63
2022-12-01 00:00:00,1.0,aucun,baisse taux,1.0,3.0,72.01
2021-12-01 00:00:00,0.0,inflation,injection liquidité,0.0,3.0,36.99
2021-09-01 00:00:00,0.0,COVID-19,baisse taux,0.0,6.0,75.03
2020-02-01 00:00:00,1.0,inflation,hausse taux,0.0,3.0,63.79
2021-12-01 00:00:00,0.0,aucun,hausse taux,0.0,2.0,70.06
2022-10-01 00:00:00,1.0,inflation,aucun,0.0,3.0,61.1
2021-10-01 00:00:00,0.0,conflit externe,aucun,0.0,2.0,82.18
2021-02-01 00:00:00,1.0,inflation,hausse taux,0.0,0.0,77.25
2021-11-01 00:00:00,0.0,COVID-19,baisse taux,1.0,0.0,42.19
2020-07-01 00:00:00,0.0,inflation,baisse taux,1.0,2.0,52.39
2022-12-01 00:00:00,0.0,inflation,hausse taux,0.0,1.0,54.76
2022-08-01 00:00:00,1.0,aucun,hausse taux,1.0,3.0,69.69
2020-03-01 00:00:00,1.0,inflation,aucun,1.0,2.0,89.68
2022-03-01 00:00:00,0.0,COVID-19,aucun,0.0,2.0,82.59
2020-03-01 00:00:00,0.0,inflation,baisse taux,0.0,2.0,64.03
2021-07-01 00:00:00,0.0,inflation,baisse taux,0.0,3.0,73.09
2021-09-01 00:00:00,1.0,aucun,injection liquidité,0.0,0.0,51.61
2020-07-01 00:00:00,0.0,inflation,injection liquidité,0.0,3.0,55.42
2022-12-01 00:00:00,1.0,aucun,hausse taux,0.0,0.0,90.91
2020-02-01 00:00:00,0.0,inflation,baisse taux,0.0,1.0,40.35
2020-11-01 00:00:00,0.0,aucun,injection liquidité,1.0,1.0,90.82
2021-09-01 00:00:00,1.0,conflit externe,aucun,0.0,1.0,43.24
2021-04-01 00:00:00,0.0,inflation,hausse taux,0.0,2.0,76.73
2021-11-01 00:00:00,0.0,COVID-19,baisse taux,1.0,4.0,48.93
2022-02-01 00:00:00,0.0,COVID-19,hausse taux,1.0,1.0,69.05
2021-12-01 00:00:00,0.0,COVID-19,hausse taux,1.0,3.0,77.74
2022-05-01 00:00:00,0.0,inflation,hausse taux,0.0,4.0,65.29
2022-07-01 00:00:00,1.0,COVID-19,hausse taux,1.0,4.0,95.54
2021-03-01 00:00:00,1.0,COVID-19,aucun,1.0,3.0,99.08
2020-02-01 00:00:00,0.0,inflation,hausse taux,1.0,1.0,59.4
2021-12-01 00:00:00,0.0,aucun,aucun,0.0,5.0,57.77
2022-08-01 00:00:00,0.0,aucun,aucun,0.0,3.0,83.25
2022-09-01 00:00:00,0.0,aucun,injection liquidité,1.0,5.0,82.21
2020-08-01 00:00:00,1.0,aucun,hausse taux,0.0,1.0,55.26
2021-01-01 00:00:00,0.0,inflation,hausse taux,0.0,1.0,46.97
2021-09-01 00:00:00,0.0,aucun,aucun,0.0,0.0,55.97
2022-05-01 00:00:00,0.0,conflit externe,baisse taux,0.0,1.0,51.13
2020-09-01 00:00:00,0.0,aucun,aucun,0.0,3.0,33.2
2021-05-01 00:00:00,0.0,inflation,injection liquidité,0.0,1.0,85.94
2021-09-01 00:00:00,0.0,aucun,aucun,0.0,1.0,41.93
2022-12-01 00:00:00,0.0,aucun,hausse taux,0.0,2.0,57.32
2020-08-01 00:00:00,0.0,inflation,hausse taux,0.0,2.0,80.29
2020-10-01 00:00:00,1.0,aucun,baisse taux,0.0,4.0,52.97
2021-10-01 00:00:00,1.0,aucun,injection liquidité,1.0,2.0,43.96
2021-01-01 00:00:00,0.0,conflit externe,aucun,1.0,1.0,42.74
2021-01-01 00:00:00,0.0,conflit externe,aucun,0.0,4.0,64.18
2021-07-01 00:00:00,1.0,COVID-19,injection liquidité,0.0,0.0,66.66
2020-02-01 00:00:00,0.0,COVID-19,injection liquidité,0.0,1.0,39.28
2022-05-01 00:00:00,0.0,COVID-19,baisse taux,0.0,1.0,50.15
2020-11-01 00:00:00,0.0,COVID-19,baisse taux,0.0,3.0,73.88
2020-03-01 00:00:00,0.0,aucun,baisse taux,0.0,4.0,68.39
2022-02-01 00:00:00,0.0,conflit externe,aucun,1.0,0.0,80.42
2020-06-01 00:00:00,0.0,conflit externe,injection liquidité,0.0,3.0,86.16
2021-09-01 00:00:00,0.0,inflation,hausse taux,0.0,1.0,34.91
2021-02-01 00:00:00,0.0,inflation,baisse taux,0.0,0.0,42.75
2021-12-01 00:00:00,0.0,inflation,baisse taux,1.0,1.0,94.07
2020-06-01 00:00:00,1.0,inflation,baisse taux,0.0,2.0,81.23
2020-10-01 00:00:00,1.0,aucun,aucun,0.0,1.0,97.03
2022-01-01 00:00:00,0.0,aucun,injection liquidité,0.0,0.0,81.48
2020-11-01 00:00:00,1.0,conflit externe,hausse taux,1.0,2.0,40.0
2021-07-01 00:00:00,1.0,inflation,baisse taux,0.0,4.0,53.06
2020-06-01 00:00:00,0.0,COVID-19,aucun,1.0,5.0,96.64
2022-06-01 00:00:00,0.0,aucun,baisse taux,0.0,4.0,53.98
2021-09-01 00:00:00,0.0,inflation,aucun,0.0,4.0,37.56
2021-04-01 00:00:00,1.0,aucun,baisse taux,1.0,1.0,31.23
2021-10-01 00:00:00,0.0,COVID-19,injection liquidité,0.0,2.0,68.76
2022-04-01 00:00:00,0.0,conflit externe,aucun,0.0,3.0,86.8
2021-10-01 00:00:00,0.0,aucun,hausse taux,1.0,3.0,82.39
2021-06-01 00:00:00,0.0,conflit externe,injection liquidité,0.0,1.0,48.38
2021-09-01 00:00:00,0.0,COVID-19,hausse taux,0.0,1.0,88.28
2020-04-01 00:00:00,0.0,aucun,baisse taux,1.0,3.0,82.15
2022-09-01 00:00:00,0.0,inflation,injection liquidité,1.0,1.0,45.22
2022-03-01 00:00:00,0.0,inflation,hausse taux,0.0,3.0,89.68
2020-04-01 00:00:00,0.0,inflation,injection liquidité,1.0,1.0,47.45
2020-04-01 00:00:00,0.0,inflation,hausse taux,1.0,5.0,33.05
2021-10-01 00:00:00,1.0,aucun,injection liquidité,0.0,2.0,61.77
2022-06-01 00:00:00,1.0,inflation,baisse taux,0.0,1.0,97.45
2020-12-01 00:00:00,1.0,COVID-19,hausse taux,0.0,0.0,50.5
2022-04-01 00:00:00,0.0,aucun,hausse taux,0.0,1.0,59.83
2021-01-01 00:00:00,0.0,aucun,hausse taux,1.0,0.0,58.4
2022-11-01 00:00:00,1.0,aucun,aucun,0.0,2.0,58.63
2022-12-01 00:00:00,0.0,inflation,hausse taux,0.0,2.0,69.62
2022-04-01 00:00:00,1.0,aucun,aucun,0.0,0.0,51.2
2022-06-01 00:00:00,0.0,COVID-19,aucun,0.0,1.0,44.38
2022-04-01 00:00:00,1.0,inflation,aucun,0.0,2.0,93.6
2020-01-01 00:00:00,0.0,inflation,baisse taux,0.0,1.0,72.65
2022-02-01 00:00:00,1.0,COVID-19,injection liquidité,1.0,2.0,34.88
2022-09-01 00:00:00,0.0,inflation,hausse taux,1.0,3.0,92.47
2021-10-01 00:00:00,1.0,aucun,baisse taux,0.0,2.0,85.8
2021-08-01 00:00:00,0.0,COVID-19,hausse taux,1.0,4.0,83.47
2021-02-01 00:00:00,0.0,inflation,injection liquidité,1.0,2.0,35.3
2022-01-01 00:00:00,0.0,inflation,aucun,0.0,0.0,41.64
2022-09-01 00:00:00,0.0,aucun,baisse taux,1.0,1.0,45.75
2021-02-01 00:00:00,1.0,aucun,aucun,0.0,1.0,80.63
2021-05-01 00:00:00,0.0,aucun,hausse taux,0.0,3.0,69.52
2022-08-01 00:00:00,0.0,inflation,aucun,0.0,5.0,56.71
2021-07-01 00:00:00,1.0,conflit externe,baisse taux,1.0,2.0,65.22
2020-06-01 00:00:00,0.0,COVID-19,hausse taux,0.0,2.0,80.61
2021-04-01 00:00:00,0.0,aucun,aucun,1.0,4.0,87.85
2022-08-01 00:00:00,1.0,COVID-19,aucun,0.0,3.0,51.17
2020-07-01 00:00:00,1.0,COVID-19,baisse taux,0.0,1.0,69.36
2022-08-01 00:00:00,0.0,inflation,baisse taux,0.0,5.0,36.65
2021-09-01 00:00:00,1.0,inflation,injection liquidité,0.0,1.0,77.32
2022-09-01 00:00:00,1.0,inflation,injection liquidité,0.0,3.0,33.59
2020-01-01 00:00:00,0.0,COVID-19,aucun,0.0,2.0,71.05
2022-03-01 00:00:00,0.0,COVID-19,hausse taux,0.0,0.0,38.56
2020-07-01 00:00:00,0.0,aucun,hausse taux,0.0,2.0,95.19
2022-05-01 00:00:00,0.0,inflation,aucun,0.0,4.0,48.12
2021-08-01 00:00:00,1.0,conflit externe,baisse taux,0.0,2.0,83.01
2022-12-01 00:00:00,0.0,inflation,hausse taux,0.0,5.0,89.87
2021-04-01 00:00:00,0.0,inflation,hausse taux,0.0,8.0,84.57
2022-06-01 00:00:00,0.0,aucun,hausse taux,0.0,4.0,68.02
2022-03-01 00:00:00,0.0,inflation,injection liquidité,0.0,0.0,98.77
2021-04-01 00:00:00,0.0,aucun,aucun,0.0,1.0,50.03
2021-05-01 00:00:00,0.0,aucun,aucun,0.0,2.0,32.06
2020-02-01 00:00:00,0.0,inflation,injection liquidité,1.0,6.0,86.24
2020-11-01 00:00:00,1.0,conflit externe,hausse taux,1.0,1.0,37.22
2020-08-01 00:00:00,0.0,inflation,baisse taux,0.0,2.0,59.51
2022-10-01 00:00:00,0.0,inflation,injection liquidité,0.0,1.0,79.67
2021-11-01 00:00:00,0.0,aucun,injection liquidité,0.0,3.0,81.7
2021-05-01 00:00:00,0.0,COVID-19,injection liquidité,0.0,3.0,86.93
2020-07-01 00:00:00,0.0,inflation,baisse taux,0.0,2.0,63.59
2022-08-01 00:00:00,0.0,inflation,hausse taux,0.0,2.0,97.73
2022-09-01 00:00:00,1.0,COVID-19,hausse taux,0.0,0.0,95.85
2022-02-01 00:00:00,0.0,conflit externe,aucun,1.0,1.0,65.14
2021-05-01 00:00:00,0.0,conflit externe,aucun,0.0,2.0,79.61
2021-07-01 00:00:00,0.0,aucun,baisse taux,0.0,2.0,65.89
2022-12-01 00:00:00,1.0,COVID-19,baisse taux,1.0,2.0,89.61
2022-04-01 00:00:00,0.0,aucun,injection liquidité,1.0,3.0,85.93
2020-07-01 00:00:00,0.0,inflation,aucun,1.0,2.0,51.82
2021-05-01 00:00:00,0.0,aucun,injection liquidité,0.0,4.0,85.11
2022-04-01 00:00:00,0.0,conflit externe,aucun,0.0,2.0,64.17
2021-03-01 00:00:00,0.0,aucun,baisse taux,1.0,3.0,82.45
2022-06-01 00:00:00,0.0,inflation,injection liquidité,1.0,2.0,75.59
2020-07-01 00:00:00,1.0,inflation,hausse taux,1.0,3.0,39.45
2022-04-01 00:00:00,0.0,inflation,hausse taux,0.0,2.0,32.09
2021-03-01 00:00:00,1.0,inflation,baisse taux,1.0,1.0,88.82
2022-06-01 00:00:00,0.0,aucun,baisse taux,0.0,0.0,64.17
2022-01-01 00:00:00,1.0,inflation,aucun,0.0,3.0,74.26
2020-09-01 00:00:00,1.0,aucun,hausse taux,0.0,3.0,54.98
2020-06-01 00:00:00,0.0,inflation,baisse taux,0.0,3.0,73.2
2020-07-01 00:00:00,1.0,aucun,aucun,1.0,1.0,80.9
2022-08-01 00:00:00,1.0,COVID-19,hausse taux,1.0,1.0,61.4
2020-08-01 00:00:00,0.0,COVID-19,aucun,0.0,2.0,48.79
2022-11-01 00:00:00,1.0,COVID-19,hausse taux,0.0,2.0,30.94
2022-07-01 00:00:00,0.0,aucun,injection liquidité,0.0,2.0,30.86
2022-11-01 00:00:00,1.0,inflation,baisse taux,0.0,1.0,63.92
2021-08-01 00:00:00,0.0,COVID-19,hausse taux,0.0,0.0,68.24
2020-01-01 00:00:00,0.0,COVID-19,baisse taux,0.0,4.0,71.26
2021-07-01 00:00:00,1.0,conflit externe,hausse taux,1.0,2.0,55.58
2021-09-01 00:00:00,0.0,inflation,aucun,0.0,2.0,33.61
2021-02-01 00:00:00,0.0,inflation,baisse taux,1.0,4.0,58.55
2020-12-01 00:00:00,0.0,inflation,aucun,1.0,5.0,51.31
2022-02-01 00:00:00,0.0,aucun,injection liquidité,1.0,1.0,32.99
2020-05-01 00:00:00,0.0,aucun,hausse taux,0.0,2.0,61.84
2020-04-01 00:00:00,0.0,inflation,baisse taux,0.0,0.0,91.15
2022-04-01 00:00:00,0.0,inflation,hausse taux,1.0,4.0,73.03
2022-10-01 00:00:00,0.0,aucun,injection liquidité,0.0,7.0,35.65
2021-11-01 00:00:00,1.0,aucun,hausse taux,0.0,2.0,72.27
2021-08-01 00:00:00,0.0,aucun,hausse taux,0.0,2.0,95.95
2022-12-01 00:00:00,0.0,inflation,injection liquidité,0.0,4.0,45.55
2020-04-01 00:00:00,0.0,inflation,injection liquidité,0.0,1.0,68.33
2021-08-01 00:00:00,0.0,inflation,injection liquidité,1.0,2.0,95.53
2022-09-01 00:00:00,0.0,aucun,aucun,0.0,1.0,31.87
2020-06-01 00:00:00,0.0,conflit externe,aucun,0.0,1.0,97.69
2020-12-01 00:00:00,0.0,inflation,hausse taux,0.0,5.0,70.67
2022-04-01 00:00:00,1.0,aucun,baisse taux,1.0,4.0,91.16
2021-03-01 00:00:00,0.0,inflation,baisse taux,1.0,4.0,68.35
2022-01-01 00:00:00,1.0,conflit externe,baisse taux,1.0,7.0,48.61
2022-05-01 00:00:00,1.0,inflation,baisse taux,1.0,2.0,60.63
2022-10-01 00:00:00,0.0,COVID-19,injection liquidité,0.0,0.0,98.0
2021-08-01 00:00:00,0.0,inflation,injection liquidité,0.0,3.0,63.71
2021-04-01 00:00:00,0.0,COVID-19,injection liquidité,0.0,2.0,41.86
2022-05-01 00:00:00,1.0,aucun,hausse taux,0.0,1.0,91.12
2021-10-01 00:00:00,0.0,COVID-19,hausse taux,1.0,2.0,92.94
2021-09-01 00:00:00,1.0,conflit externe,injection liquidité,0.0,0.0,86.33
2021-10-01 00:00:00,0.0,conflit externe,hausse taux,0.0,0.0,88.4
2021-06-01 00:00:00,0.0,aucun,aucun,0.0,3.0,89.65
2020-01-01 00:00:00,0.0,inflation,hausse taux,0.0,2.0,91.52
2021-07-01 00:00:00,1.0,COVID-19,hausse taux,0.0,4.0,45.87
2022-03-01 00:00:00,1.0,inflation,hausse taux,1.0,2.0,77.92
2022-05-01 00:00:00,0.0,inflation,baisse taux,0.0,2.0,65.91
2021-09-01 00:00:00,1.0,aucun,hausse taux,1.0,3.0,63.36
2020-09-01 00:00:00,1.0,COVID-19,injection liquidité,0.0,2.0,38.23
2021-05-01 00:00:00,0.0,COVID-19,baisse taux,1.0,2.0,97.83
2020-01-01 00:00:00,0.0,inflation,aucun,1.0,2.0,80.17
2022-03-01 00:00:00,0.0,COVID-19,baisse taux,1.0,4.0,50.33
2022-06-01 00:00:00,0.0,COVID-19,injection liquidité,0.0,1.0,41.05
2022-12-01 00:00:00,0.0,COVID-19,hausse taux,0.0,2.0,85.88
2020-05-01 00:00:00,1.0,COVID-19,aucun,1.0,2.0,41.37
2020-10-01 00:00:00,0.0,COVID-19,aucun,0.0,6.0,56.83
2020-07-01 00:00:00,0.0,inflation,hausse taux,0.0,2.0,88.38
2021-09-01 00:00:00,0.0,inflation,baisse taux,1.0,6.0,53.98
2020-06-01 00:00:00,0.0,aucun,baisse taux,1.0,2.0,79.71
2021-08-01 00:00:00,0.0,COVID-19,aucun,0.0,0.0,34.1
2020-06-01 00:00:00,0.0,COVID-19,aucun,0.0,1.0,52.73
2020-06-01 00:00:00,1.0,aucun,hausse taux,1.0,0.0,39.79
2021-12-01 00:00:00,0.0,inflation,hausse taux,1.0,1.0,51.95
2020-04-01 00:00:00,0.0,aucun,baisse taux,0.0,7.0,38.61
2020-03-01 00:00:00,1.0,aucun,hausse taux,1.0,3.0,74.5
2022-06-01 00:00:00,1.0,inflation,hausse taux,0.0,6.0,99.75
2022-11-01 00:00:00,0.0,conflit externe,aucun,1.0,0.0,54.89
2022-08-01 00:00:00,0.0,inflation,injection liquidité,0.0,4.0,37.29
2022-10-01 00:00:00,0.0,aucun,aucun,1.0,1.0,93.06
2021-09-01 00:00:00,0.0,conflit externe,baisse taux,0.0,3.0,93.84
2021-04-01 00:00:00,0.0,inflation,baisse taux,1.0,2.0,44.49
2022-12-01 00:00:00,0.0,inflation,aucun,0.0,5.0,62.49
2021-09-01 00:00:00,1.0,COVID-19,hausse taux,0.0,1.0,86.54
2022-11-01 00:00:00,0.0,aucun,aucun,0.0,0.0,38.97
2021-12-01 00:00:00,0.0,aucun,aucun,0.0,2.0,61.45
2022-12-01 00:00:00,0.0,COVID-19,baisse taux,0.0,4.0,61.92
2021-04-01 00:00:00,1.0,aucun,injection liquidité,0.0,2.0,44.48
2020-02-01 00:00:00,0.0,inflation,injection liquidité,0.0,3.0,60.4
2021-06-01 00:00:00,0.0,COVID-19,injection liquidité,1.0,1.0,95.3
2022-01-01 00:00:00,0.0,conflit externe,aucun,0.0,0.0,46.96
2022-09-01 00:00:00,0.0,aucun,hausse taux,0.0,2.0,80.44
2020-12-01 00:00:00,0.0,COVID-19,hausse taux,0.0,2.0,91.45
2021-02-01 00:00:00,0.0,aucun,injection liquidité,0.0,2.0,98.35
2022-10-01 00:00:00,1.0,COVID-19,aucun,1.0,1.0,56.72
2022-05-01 00:00:00,0.0,inflation,aucun,0.0,3.0,71.96
2021-12-01 00:00:00,0.0,aucun,injection liquidité,1.0,2.0,54.91
2020-11-01 00:00:00,0.0,inflation,injection liquidité,1.0,3.0,36.43
2020-07-01 00:00:00,0.0,inflation,aucun,0.0,2.0,85.41
2021-03-01 00:00:00,0.0,aucun,hausse taux,0.0,3.0,72.63
2021-10-01 00:00:00,0.0,inflation,injection liquidité,1.0,2.0,58.81
2021-04-01 00:00:00,0.0,aucun,baisse taux,1.0,0.0,86.18
2020-05-01 00:00:00,0.0,inflation,injection liquidité,0.0,5.0,60.31
2022-01-01 00:00:00,1.0,inflation,aucun,0.0,1.0,44.54
2021-02-01 00:00:00,1.0,inflation,hausse taux,1.0,4.0,73.46
2022-09-01 00:00:00,0.0,inflation,hausse taux,1.0,2.0,90.62
2020-01-01 00:00:00,0.0,COVID-19,injection liquidité,0.0,2.0,77.76
2020-03-01 00:00:00,0.0,COVID-19,aucun,0.0,0.0,43.82
2020-04-01 00:00:00,0.0,COVID-19,baisse taux,1.0,0.0,61.06
2020-09-01 00:00:00,0.0,inflation,injection liquidité,0.0,7.0,48.24
2021-07-01 00:00:00,0.0,inflation,aucun,0.0,3.0,48.42
2022-09-01 00:00:00,0.0,COVID-19,aucun,0.0,0.0,93.92
2021-05-01 00:00:00,0.0,inflation,hausse taux,1.0,0.0,98.13
2020-10-01 00:00:00,0.0,aucun,hausse taux,1.0,3.0,87.71
2021-10-01 00:00:00,0.0,inflation,injection liquidité,0.0,3.0,34.95
2021-10-01 00:00:00,1.0,inflation,aucun,1.0,2.0,98.8
2022-12-01 00:00:00,0.0,aucun,aucun,0.0,2.0,85.47
2021-06-01 00:00:00,0.0,aucun,hausse taux,0.0,1.0,44.47
2020-12-01 00:00:00,0.0,inflation,hausse taux,0.0,1.0,99.55
2021-08-01 00:00:00,0.0,inflation,injection liquidité,0.0,2.0,64.48
2021-06-01 00:00:00,1.0,inflation,aucun,0.0,2.0,51.64
2022-06-01 00:00:00,1.0,conflit externe,baisse taux,0.0,2.0,35.76
2021-01-01 00:00:00,0.0,inflation,hausse taux,0.0,0.0,68.81
2021-12-01 00:00:00,1.0,conflit externe,injection liquidité,1.0,1.0,45.87
2020-12-01 00:00:00,1.0,conflit externe,hausse taux,0.0,2.0,94.73
2022-10-01 00:00:00,1.0,inflation,baisse taux,1.0,1.0,53.91
2020-08-01 00:00:00,0.0,aucun,baisse taux,0.0,2.0,87.0
2022-04-01 00:00:00,1.0,COVID-19,hausse taux,0.0,2.0,55.9
2021-04-01 00:00:00,0.0,inflation,baisse taux,1.0,4.0,35.24
2022-02-01 00:00:00,1.0,COVID-19,aucun,1.0,1.0,45.71
2022-03-01 00:00:00,0.0,aucun,baisse taux,0.0,3.0,73.92
2020-08-01 00:00:00,1.0,inflation,injection liquidité,0.0,1.0,50.08
2022-08-01 00:00:00,0.0,inflation,baisse taux,1.0,1.0,94.53
2020-09-01 00:00:00,0.0,aucun,injection liquidité,0.0,2.0,55.01
2020-04-01 00:00:00,0.0,inflation,hausse taux,0.0,4.0,42.33
2022-02-01 00:00:00,0.0,COVID-19,baisse taux,1.0,0.0,39.07
2021-08-01 00:00:00,0.0,aucun,hausse taux,1.0,2.0,44.08
2020-10-01 00:00:00,0.0,aucun,aucun,0.0,3.0,59.42
2020-02-01 00:00:00,0.0,inflation,injection liquidité,1.0,1.0,99.38
2021-01-01 00:00:00,0.0,COVID-19,hausse taux,1.0,0.0,36.21
2020-01-01 00:00:00,1.0,COVID-19,aucun,0.0,5.0,91.28
2021-03-01 00:00:00,0.0,inflation,aucun,0.0,1.0,53.82
2021-05-01 00:00:00,0.0,COVID-19,injection liquidité,1.0,0.0,43.64
2022-08-01 00:00:00,0.0,aucun,injection liquidité,0.0,3.0,97.18
2020-05-01 00:00:00,0.0,aucun,baisse taux,1.0,0.0,46.46
2020-01-01 00:00:00,0.0,conflit externe,hausse taux,0.0,1.0,31.18
2021-08-01 00:00:00,0.0,inflation,injection liquidité,1.0,3.0,46.3
2020-11-01 00:00:00,1.0,conflit externe,aucun,1.0,1.0,79.11
2020-09-01 00:00:00,0.0,inflation,aucun,0.0,0.0,70.87
2020-10-01 00:00:00,0.0,inflation,hausse taux,1.0,3.0,75.6
2020-04-01 00:00:00,1.0,inflation,injection liquidité,1.0,3.0,86.55
2021-06-01 00:00:00,1.0,COVID-19,aucun,0.0,4.0,75.6
2022-11-01 00:00:00,0.0,inflation,injection liquidité,0.0,2.0,98.36
2022-02-01 00:00:00,1.0,inflation,injection liquidité,0.0,1.0,55.99
2020-08-01 00:00:00,0.0,inflation,baisse taux,0.0,2.0,55.43
2022-12-01 00:00:00,0.0,aucun,hausse taux,1.0,2.0,74.9
2021-02-01 00:00:00,1.0,inflation,baisse taux,0.0,3.0,59.52
2021-10-01 00:00:00,1.0,aucun,hausse taux,0.0,1.0,47.32
2021-06-01 00:00:00,0.0,inflation,hausse taux,0.0,0.0,67.16
2021-03-01 00:00:00,0.0,conflit externe,baisse taux,0.0,3.0,57.85
2022-08-01 00:00:00,1.0,aucun,hausse taux,1.0,3.0,30.39
2022-04-01 00:00:00,1.0,conflit externe,baisse taux,0.0,3.0,76.57
2022-11-01 00:00:00,1.0,inflation,aucun,0.0,1.0,54.39
2022-09-01 00:00:00,1.0,inflation,hausse taux,0.0,1.0,90.87
2022-11-01 00:00:00,1.0,aucun,hausse taux,1.0,2.0,72.91
2020-03-01 00:00:00,0.0,inflation,aucun,0.0,3.0,79.9
2021-01-01 00:00:00,0.0,aucun,aucun,1.0,0.0,65.68
2022-06-01 00:00:00,0.0,inflation,hausse taux,1.0,3.0,44.33
2020-07-01 00:00:00,0.0,inflation,hausse taux,1.0,3.0,75.15
2022-06-01 00:00:00,0.0,aucun,baisse taux,1.0,1.0,74.84
2022-02-01 00:00:00,0.0,COVID-19,hausse taux,0.0,0.0,71.89
2022-08-01 00:00:00,1.0,aucun,hausse taux,1.0,0.0,71.14
2020-12-01 00:00:00,0.0,COVID-19,aucun,0.0,1.0,80.9
2022-11-01 00:00:00,1.0,inflation,baisse taux,0.0,3.0,81.06
2020-12-01 00:00:00,0.0,inflation,hausse taux,0.0,0.0,56.8
2022-01-01 00:00:00,0.0,inflation,baisse taux,0.0,2.0,93.44
2020-10-01 00:00:00,0.0,inflation,hausse taux,0.0,4.0,56.34
2020-10-01 00:00:00,1.0,aucun,aucun,1.0,1.0,41.85
2022-02-01 00:00:00,1.0,aucun,hausse taux,0.0,3.0,90.46
2022-06-01 00:00:00,0.0,COVID-19,aucun,0.0,2.0,72.62
2022-03-01 00:00:00,0.0,COVID-19,hausse taux,0.0,4.0,61.12
2020-05-01 00:00:00,0.0,inflation,aucun,0.0,2.0,99.94
2020-04-01 00:00:00,1.0,aucun,injection liquidité,0.0,2.0,41.15
2021-07-01 00:00:00,1.0,COVID-19,baisse taux,0.0,0.0,94.4
2020-05-01 00:00:00,1.0,inflation,injection liquidité,0.0,5.0,70.67
2020-09-01 00:00:00,0.0,aucun,baisse taux,0.0,4.0,55.13
2020-06-01 00:00:00,0.0,COVID-19,aucun,0.0,3.0,80.51
2020-07-01 00:00:00,1.0,inflation,injection liquidité,0.0,0.0,99.35
2020-10-01 00:00:00,1.0,inflation,aucun,1.0,4.0,38.98
2021-09-01 00:00:00,1.0,inflation,aucun,1.0,1.0,43.76
2021-10-01 00:00:00,1.0,aucun,injection liquidité,0.0,1.0,65.39
2021-10-01 00:00:00,0.0,conflit externe,aucun,0.0,0.0,67.98
2022-08-01 00:00:00,0.0,inflation,baisse taux,0.0,3.0,67.06
2021-11-01 00:00:00,0.0,inflation,aucun,1.0,3.0,45.9
2020-07-01 00:00:00,0.0,inflation,hausse taux,0.0,3.0,68.14
2021-09-01 00:00:00,1.0,COVID-19,aucun,0.0,1.0,53.79
2021-09-01 00:00:00,1.0,inflation,baisse taux,1.0,2.0,34.99
2022-02-01 00:00:00,1.0,inflation,baisse taux,1.0,0.0,67.31
2021-09-01 00:00:00,0.0,inflation,hausse taux,1.0,2.0,72.4
2020-05-01 00:00:00,0.0,inflation,injection liquidité,0.0,4.0,45.03
2021-10-01 00:00:00,0.0,inflation,aucun,0.0,2.0,86.17
2022-03-01 00:00:00,0.0,COVID-19,aucun,1.0,0.0,95.14
2020-07-01 00:00:00,0.0,aucun,injection liquidité,1.0,4.0,36.53
2020-07-01 00:00:00,0.0,COVID-19,hausse taux,0.0,1.0,51.44
2022-09-01 00:00:00,0.0,inflation,aucun,0.0,3.0,39.72
2022-12-01 00:00:00,1.0,aucun,hausse taux,0.0,1.0,52.04
2021-05-01 00:00:00,0.0,inflation,hausse taux,0.0,0.0,75.07
2022-03-01 00:00:00,1.0,aucun,aucun,0.0,6.0,60.25
2020-04-01 00:00:00,0.0,aucun,aucun,1.0,2.0,33.03
2022-03-01 00:00:00,0.0,inflation,aucun,1.0,2.0,44.84
2020-07-01 00:00:00,0.0,inflation,hausse taux,0.0,4.0,33.19
2020-08-01 00:00:00,0.0,inflation,aucun,0.0,5.0,49.78
2020-10-01 00:00:00,0.0,aucun,injection liquidité,0.0,2.0,86.96
2022-09-01 00:00:00,1.0,COVID-19,injection liquidité,1.0,3.0,33.68
2022-10-01 00:00:00,0.0,aucun,hausse taux,1.0,2.0,60.15
2021-07-01 00:00:00,1.0,inflation,baisse taux,0.0,3.0,32.76
2022-05-01 00:00:00,0.0,inflation,injection liquidité,0.0,0.0,83.53
2022-03-01 00:00:00,0.0,inflation,aucun,0.0,4.0,94.3
2020-01-01 00:00:00,1.0,COVID-19,aucun,1.0,2.0,88.3
2021-04-01 00:00:00,0.0,COVID-19,aucun,0.0,0.0,89.75
2021-05-01 00:00:00,0.0,aucun,aucun,0.0,2.0,77.78
2021-09-01 00:00:00,1.0,inflation,injection liquidité,1.0,1.0,46.88
2022-07-01 00:00:00,1.0,inflation,hausse taux,1.0,4.0,33.76
2021-02-01 00:00:00,0.0,inflation,aucun,1.0,4.0,59.2
2022-10-01 00:00:00,0.0,conflit externe,aucun,1.0,1.0,88.39
2020-11-01 00:00:00,1.0,conflit externe,baisse taux,0.0,1.0,76.27
2022-03-01 00:00:00,0.0,COVID-19,hausse taux,0.0,1.0,71.11
2021-07-01 00:00:00,1.0,aucun,hausse taux,1.0,2.0,59.08
2022-04-01 00:00:00,1.0,COVID-19,hausse taux,0.0,3.0,33.52
2022-01-01 00:00:00,1.0,conflit externe,aucun,1.0,0.0,35.56
2020-01-01 00:00:00,1.0,COVID-19,hausse taux,0.0,4.0,81.44
2021-05-01 00:00:00,0.0,COVID-19,baisse taux,1.0,2.0,71.1
2020-04-01 00:00:00,1.0,inflation,hausse taux,0.0,1.0,32.3
2021-12-01 00:00:00,1.0,conflit externe,injection liquidité,0.0,2.0,94.31
2020-11-01 00:00:00,0.0,inflation,injection liquidité,1.0,2.0,31.06
2022-02-01 00:00:00,0.0,COVID-19,baisse taux,0.0,1.0,40.77
2021-09-01 00:00:00,0.0,inflation,baisse taux,1.0,2.0,44.26
2020-09-01 00:00:00,1.0,inflation,baisse taux,1.0,3.0,86.97
2022-02-01 00:00:00,0.0,inflation,baisse taux,0.0,2.0,58.67
2022-07-01 00:00:00,0.0,COVID-19,baisse taux,0.0,1.0,33.67
2020-10-01 00:00:00,1.0,inflation,aucun,0.0,1.0,40.97
2022-07-01 00:00:00,0.0,COVID-19,baisse taux,1.0,1.0,95.84
2021-12-01 00:00:00,0.0,inflation,injection liquidité,1.0,3.0,52.56
2021-11-01 00:00:00,0.0,aucun,aucun,0.0,2.0,76.66
2021-12-01 00:00:00,1.0,inflation,hausse taux,0.0,0.0,76.78
2022-06-01 00:00:00,0.0,inflation,injection liquidité,0.0,0.0,33.55
2021-11-01 00:00:00,1.0,COVID-19,aucun,0.0,0.0,47.03
2020-04-01 00:00:00,0.0,inflation,baisse taux,0.0,2.0,39.62
2020-11-01 00:00:00,0.0,conflit externe,hausse taux,0.0,1.0,52.39
2022-03-01 00:00:00,0.0,aucun,aucun,0.0,3.0,79.45
2022-07-01 00:00:00,0.0,conflit externe,aucun,0.0,2.0,61.38
2021-11-01 00:00:00,0.0,aucun,aucun,0.0,0.0,35.05
2020-06-01 00:00:00,0.0,COVID-19,hausse taux,0.0,2.0,71.76
2022-02-01 00:00:00,0.0,conflit externe,baisse taux,0.0,2.0,48.01
2020-04-01 00:00:00,1.0,inflation,injection liquidité,1.0,3.0,47.56
2022-10-01 00:00:00,1.0,inflation,injection liquidité,1.0,1.0,74.59
2021-06-01 00:00:00,0.0,inflation,aucun,1.0,2.0,93.5
2022-11-01 00:00:00,1.0,inflation,injection liquidité,0.0,1.0,63.27
2022-07-01 00:00:00,0.0,COVID-19,hausse taux,0.0,2.0,95.89
2020-04-01 00:00:00,0.0,COVID-19,aucun,0.0,3.0,50.86
2020-07-01 00:00:00,1.0,aucun,aucun,0.0,1.0,93.37
2021-05-01 00:00:00,0.0,COVID-19,aucun,1.0,3.0,79.56
2021-07-01 00:00:00,0.0,inflation,aucun,0.0,0.0,45.28
2020-08-01 00:00:00,1.0,inflation,aucun,0.0,2.0,45.35
2020-09-01 00:00:00,0.0,inflation,hausse taux,0.0,0.0,90.13
2020-08-01 00:00:00,0.0,COVID-19,injection liquidité,1.0,2.0,30.03
2021-12-01 00:00:00,0.0,aucun,injection liquidité,1.0,1.0,53.74
2022-05-01 00:00:00,0.0,inflation,baisse taux,1.0,1.0,88.59
2021-07-01 00:00:00,0.0,inflation,hausse taux,1.0,1.0,40.45
2021-02-01 00:00:00,0.0,inflation,aucun,0.0,4.0,92.55
2021-11-01 00:00:00,0.0,inflation,aucun,1.0,0.0,79.06
2022-06-01 00:00:00,0.0,COVID-19,hausse taux,0.0,2.0,52.95
2021-01-01 00:00:00,0.0,inflation,hausse taux,0.0,1.0,55.78
2021-02-01 00:00:00,1.0,inflation,hausse taux,1.0,4.0,77.82
2021-12-01 00:00:00,0.0,inflation,aucun,1.0,4.0,80.21
2020-02-01 00:00:00,1.0,inflation,injection liquidité,1.0,1.0,33.36
2020-05-01 00:00:00,1.0,inflation,aucun,0.0,0.0,63.17
2022-06-01 00:00:00,1.0,inflation,baisse taux,0.0,1.0,90.53
2022-02-01 00:00:00,0.0,aucun,baisse taux,0.0,1.0,71.68
2021-03-01 00:00:00,0.0,inflation,injection liquidité,1.0,1.0,33.55
2022-10-01 00:00:00,0.0,inflation,injection liquidité,0.0,1.0,37.36
2020-06-01 00:00:00,0.0,inflation,hausse taux,1.0,3.0,44.81
2021-05-01 00:00:00,0.0,inflation,baisse taux,1.0,5.0,59.01
2021-12-01 00:00:00,0.0,inflation,baisse taux,1.0,2.0,56.24
2022-07-01 00:00:00,0.0,aucun,hausse taux,1.0,3.0,48.64
2020-03-01 00:00:00,0.0,conflit externe,aucun,0.0,0.0,71.68
2022-09-01 00:00:00,0.0,aucun,injection liquidité,0.0,2.0,45.29
2021-03-01 00:00:00,0.0,aucun,hausse taux,0.0,4.0,80.92
2021-06-01 00:00:00,1.0,conflit externe,baisse taux,0.0,1.0,52.98
2021-04-01 00:00:00,0.0,inflation,aucun,0.0,1.0,45.89
2022-08-01 00:00:00,0.0,COVID-19,aucun,1.0,3.0,82.33
2021-11-01 00:00:00,0.0,inflation,aucun,0.0,3.0,98.53
2020-01-01 00:00:00,0.0,COVID-19,hausse taux,0.0,1.0,62.27
2022-12-01 00:00:00,0.0,conflit externe,baisse taux,0.0,4.0,76.45
2020-10-01 00:00:00,0.0,COVID-19,injection liquidité,0.0,1.0,50.9
2022-08-01 00:00:00,0.0,inflation,injection liquidité,0.0,0.0,76.68
2021-08-01 00:00:00,0.0,conflit externe,injection liquidité,1.0,2.0,35.89
2021-10-01 00:00:00,1.0,COVID-19,aucun,0.0,4.0,87.15
2022-12-01 00:00:00,1.0,COVID-19,hausse taux,0.0,3.0,32.54
2021-02-01 00:00:00,0.0,inflation,baisse taux,1.0,0.0,49.48
2021-02-01 00:00:00,0.0,inflation,hausse taux,0.0,2.0,72.42
2022-02-01 00:00:00,0.0,inflation,baisse taux,0.0,2.0,95.4
2020-03-01 00:00:00,0.0,aucun,baisse taux,0.0,3.0,34.74
2020-09-01 00:00:00,0.0,inflation,injection liquidité,0.0,4.0,97.95
2021-08-01 00:00:00,0.0,inflation,aucun,0.0,1.0,79.22
2021-05-01 00:00:00,0.0,aucun,baisse taux,1.0,1.0,37.31
2020-05-01 00:00:00,0.0,aucun,baisse taux,0.0,3.0,97.52
2021-10-01 00:00:00,1.0,COVID-19,aucun,0.0,4.0,39.54
2021-09-01 00:00:00,0.0,inflation,hausse taux,1.0,4.0,95.11
2020-04-01 00:00:00,0.0,COVID-19,hausse taux,0.0,5.0,30.37
2020-12-01 00:00:00,0.0,inflation,injection liquidité,0.0,2.0,37.24
2021-01-01 00:00:00,0.0,COVID-19,baisse taux,1.0,1.0,70.94
2020-09-01 00:00:00,0.0,inflation,hausse taux,1.0,5.0,51.2
2021-03-01 00:00:00,0.0,aucun,injection liquidité,0.0,4.0,42.59
2021-11-01 00:00:00,0.0,inflation,hausse taux,0.0,1.0,83.4
2020-10-01 00:00:00,0.0,inflation,aucun,0.0,2.0,35.05
2021-05-01 00:00:00,0.0,inflation,aucun,0.0,1.0,80.22
2022-08-01 00:00:00,0.0,aucun,injection liquidité,0.0,0.0,67.87
2022-09-01 00:00:00,0.0,inflation,injection liquidité,0.0,1.0,86.23
2021-10-01 00:00:00,0.0,COVID-19,aucun,0.0,1.0,68.63
2021-12-01 00:00:00,0.0,COVID-19,hausse taux,1.0,2.0,95.31
2022-04-01 00:00:00,0.0,inflation,injection liquidité,0.0,2.0,61.07
2022-01-01 00:00:00,0.0,inflation,hausse taux,0.0,2.0,60.67
2020-09-01 00:00:00,0.0,inflation,hausse taux,0.0,4.0,50.08
2022-07-01 00:00:00,0.0,inflation,aucun,1.0,3.0,44.42
2021-11-01 00:00:00,0.0,aucun,hausse taux,0.0,1.0,86.62
2021-06-01 00:00:00,0.0,COVID-19,injection liquidité,1.0,2.0,54.3
2021-08-01 00:00:00,1.0,COVID-19,hausse taux,1.0,0.0,32.04
2022-06-01 00:00:00,0.0,aucun,baisse taux,1.0,1.0,74.61
2022-02-01 00:00:00,0.0,COVID-19,baisse taux,1.0,3.0,52.25
2020-04-01 00:00:00,0.0,inflation,aucun,1.0,4.0,96.75
2022-12-01 00:00:00,1.0,conflit externe,aucun,0.0,2.0,43.26
2020-11-01 00:00:00,0.0,aucun,aucun,0.0,1.0,37.5
2020-10-01 00:00:00,1.0,inflation,injection liquidité,0.0,4.0,62.7
2020-09-01 00:00:00,0.0,aucun,hausse taux,0.0,5.0,69.22
2020-06-01 00:00:00,0.0,conflit externe,injection liquidité,0.0,3.0,97.99
2022-06-01 00:00:00,1.0,aucun,hausse taux,0.0,1.0,54.32
2021-03-01 00:00:00,0.0,aucun,baisse taux,0.0,0.0,71.35
2022-04-01 00:00:00,0.0,COVID-19,hausse taux,0.0,2.0,88.46
2021-09-01 00:00:00,0.0,inflation,hausse taux,0.0,0.0,42.39
2021-01-01 00:00:00,0.0,inflation,hausse taux,0.0,1.0,66.56
2022-07-01 00:00:00,1.0,inflation,baisse taux,0.0,2.0,83.6
2021-07-01 00:00:00,0.0,aucun,aucun,1.0,2.0,31.81
2020-10-01 00:00:00,0.0,inflation,baisse taux,0.0,0.0,75.49
2022-10-01 00:00:00,0.0,COVID-19,aucun,1.0,0.0,83.05
2020-09-01 00:00:00,0.0,inflation,hausse taux,1.0,1.0,87.96
2022-09-01 00:00:00,1.0,aucun,aucun,0.0,1.0,40.24
2021-12-01 00:00:00,0.0,inflation,aucun,0.0,5.0,89.58
2021-08-01 00:00:00,0.0,inflation,injection liquidité,0.0,1.0,59.99
2021-02-01 00:00:00,1.0,inflation,hausse taux,0.0,5.0,98.66
2020-01-01 00:00:00,0.0,inflation,aucun,0.0,0.0,33.02
2020-11-01 00:00:00,0.0,inflation,aucun,1.0,2.0,35.85
2020-07-01 00:00:00,0.0,aucun,aucun,0.0,2.0,96.92
2022-07-01 00:00:00,1.0,COVID-19,injection liquidité,0.0,1.0,48.38
2020-09-01 00:00:00,0.0,inflation,baisse taux,1.0,4.0,68.98
2020-11-01 00:00:00,0.0,inflation,injection liquidité,0.0,1.0,79.81
2021-02-01 00:00:00,0.0,aucun,hausse taux,0.0,1.0,50.12
2021-12-01 00:00:00,0.0,aucun,hausse taux,0.0,0.0,84.62
2022-11-01 00:00:00,1.0,conflit externe,injection liquidité,0.0,1.0,47.08
2020-03-01 00:00:00,1.0,aucun,injection liquidité,0.0,1.0,50.32
2020-01-01 00:00:00,1.0,COVID-19,injection liquidité,1.0,2.0,49.22
2020-10-01 00:00:00,0.0,conflit externe,aucun,0.0,1.0,35.24
2022-11-01 00:00:00,0.0,aucun,injection liquidité,1.0,3.0,36.09
2020-01-01 00:00:00,0.0,COVID-19,hausse taux,0.0,0.0,90.75
2020-09-01 00:00:00,0.0,inflation,injection liquidité,0.0,1.0,57.72
2020-01-01 00:00:00,0.0,inflation,hausse taux,0.0,0.0,71.27
2022-06-01 00:00:00,0.0,inflation,aucun,0.0,0.0,83.81
2020-06-01 00:00:00,0.0,inflation,baisse taux,1.0,1.0,70.96
2022-10-01 00:00:00,0.0,aucun,hausse taux,1.0,0.0,87.45
2022-09-01 00:00:00,0.0,aucun,aucun,1.0,2.0,68.68
2022-11-01 00:00:00,0.0,inflation,hausse taux,1.0,4.0,62.55
2022-09-01 00:00:00,0.0,aucun,aucun,1.0,0.0,75.26
2021-12-01 00:00:00,0.0,inflation,hausse taux,0.0,1.0,63.7
2022-04-01 00:00:00,0.0,inflation,hausse taux,0.0,6.0,89.84
2021-12-01 00:00:00,0.0,inflation,aucun,0.0,4.0,46.65
2022-03-01 00:00:00,0.0,inflation,aucun,0.0,1.0,66.32
2020-07-01 00:00:00,1.0,COVID-19,aucun,1.0,2.0,35.93
2021-09-01 00:00:00,1.0,conflit externe,baisse taux,1.0,0.0,91.45
2020-10-01 00:00:00,0.0,inflation,baisse taux,0.0,1.0,98.28
2021-11-01 00:00:00,0.0,COVID-19,aucun,1.0,2.0,33.05
2020-05-01 00:00:00,1.0,conflit externe,baisse taux,0.0,4.0,66.51
2022-05-01 00:00:00,0.0,aucun,aucun,1.0,3.0,75.84
2020-02-01 00:00:00,0.0,inflation,hausse taux,0.0,2.0,98.31
2022-09-01 00:00:00,1.0,conflit externe,hausse taux,0.0,1.0,38.36
2020-08-01 00:00:00,0.0,aucun,hausse taux,0.0,2.0,74.28
2020-05-01 00:00:00,1.0,inflation,baisse taux,0.0,0.0,68.19
2021-09-01 00:00:00,0.0,aucun,injection liquidité,1.0,1.0,30.05
2020-06-01 00:00:00,0.0,COVID-19,baisse taux,1.0,3.0,96.3
2020-10-01 00:00:00,0.0,inflation,injection liquidité,0.0,1.0,47.96
2020-10-01 00:00:00,0.0,inflation,injection liquidité,1.0,1.0,74.82
2020-07-01 00:00:00,1.0,conflit externe,baisse taux,1.0,3.0,62.9
2022-09-01 00:00:00,1.0,aucun,aucun,1.0,3.0,93.58
2020-03-01 00:00:00,1.0,COVID-19,aucun,0.0,1.0,89.8
2021-12-01 00:00:00,1.0,inflation,aucun,0.0,4.0,78.69
2021-06-01 00:00:00,1.0,inflation,aucun,1.0,2.0,89.32
2020-07-01 00:00:00,1.0,inflation,aucun,1.0,1.0,43.23
2021-04-01 00:00:00,1.0,COVID-19,injection liquidité,1.0,1.0,60.25
2022-05-01 00:00:00,0.0,inflation,hausse taux,0.0,0.0,94.49
2021-12-01 00:00:00,1.0,inflation,baisse taux,0.0,3.0,52.22
2021-03-01 00:00:00,0.0,conflit externe,aucun,1.0,3.0,47.29
2022-11-01 00:00:00,0.0,aucun,baisse taux,1.0,3.0,65.02
2022-08-01 00:00:00,0.0,COVID-19,hausse taux,0.0,2.0,98.78
2022-12-01 00:00:00,0.0,inflation,injection liquidité,0.0,0.0,42.61
2020-11-01 00:00:00,0.0,aucun,injection liquidité,1.0,1.0,41.34
2022-09-01 00:00:00,0.0,inflation,baisse taux,0.0,2.0,83.45
2020-08-01 00:00:00,0.0,inflation,injection liquidité,0.0,1.0,85.71
2020-12-01 00:00:00,1.0,inflation,injection liquidité,0.0,4.0,52.31
2022-10-01 00:00:00,0.0,aucun,aucun,0.0,3.0,55.88
2021-12-01 00:00:00,0.0,aucun,hausse taux,0.0,2.0,35.02
2020-05-01 00:00:00,0.0,COVID-19,baisse taux,0.0,0.0,80.03
2020-08-01 00:00:00,0.0,inflation,baisse taux,1.0,2.0,43.67
2022-09-01 00:00:00,1.0,COVID-19,injection liquidité,0.0,6.0,62.58
2020-02-01 00:00:00,0.0,conflit externe,hausse taux,0.0,2.0,41.05
2022-09-01 00:00:00,1.0,conflit externe,baisse taux,1.0,1.0,50.09
2020-08-01 00:00:00,0.0,COVID-19,hausse taux,0.0,3.0,88.27
2021-03-01 00:00:00,1.0,COVID-19,injection liquidité,0.0,1.0,53.56
2020-07-01 00:00:00,0.0,inflation,hausse taux,0.0,0.0,70.25
2021-04-01 00:00:00,0.0,inflation,baisse taux,1.0,1.0,64.53
2020-07-01 00:00:00,1.0,inflation,baisse taux,0.0,3.0,92.3
2022-02-01 00:00:00,0.0,inflation,baisse taux,0.0,4.0,94.89
2022-08-01 00:00:00,1.0,conflit externe,aucun,0.0,4.0,89.5
2022-09-01 00:00:00,0.0,inflation,hausse taux,0.0,3.0,81.93
2020-11-01 00:00:00,0.0,COVID-19,injection liquidité,0.0,5.0,39.24
2022-09-01 00:00:00,0.0,aucun,aucun,1.0,2.0,65.96
2020-04-01 00:00:00,0.0,COVID-19,baisse taux,1.0,3.0,92.12
2021-05-01 00:00:00,0.0,inflation,hausse taux,1.0,3.0,82.98
2022-11-01 00:00:00,0.0,inflation,aucun,0.0,2.0,44.86
2021-07-01 00:00:00,0.0,COVID-19,injection liquidité,1.0,1.0,82.1
2021-05-01 00:00:00,1.0,COVID-19,aucun,1.0,2.0,65.61
2020-08-01 00:00:00,0.0,inflation,aucun,0.0,1.0,31.33
2021-11-01 00:00:00,1.0,aucun,aucun,1.0,3.0,34.11
2022-07-01 00:00:00,0.0,COVID-19,baisse taux,1.0,6.0,59.38
2020-05-01 00:00:00,1.0,aucun,baisse taux,1.0,5.0,30.85
2022-01-01 00:00:00,0.0,aucun,aucun,0.0,3.0,81.85
2020-12-01 00:00:00,1.0,conflit externe,baisse taux,1.0,0.0,84.3
2022-04-01 00:00:00,0.0,COVID-19,injection liquidité,1.0,5.0,95.59
2021-08-01 00:00:00,0.0,inflation,aucun,1.0,5.0,43.34
2020-04-01 00:00:00,0.0,aucun,aucun,1.0,4.0,57.92
2021-03-01 00:00:00,0.0,inflation,hausse taux,0.0,2.0,92.72
2022-02-01 00:00:00,1.0,conflit externe,aucun,0.0,0.0,95.17
2020-10-01 00:00:00,0.0,aucun,aucun,0.0,3.0,72.04
2022-05-01 00:00:00,0.0,conflit externe,aucun,1.0,4.0,32.77
2021-02-01 00:00:00,1.0,COVID-19,aucun,0.0,1.0,98.24
2021-07-01 00:00:00,0.0,aucun,hausse taux,0.0,4.0,70.61
2020-11-01 00:00:00,1.0,aucun,aucun,0.0,1.0,82.41
2022-08-01 00:00:00,0.0,inflation,baisse taux,1.0,4.0,95.26
2022-10-01 00:00:00,0.0,aucun,aucun,0.0,2.0,76.04
2022-01-01 00:00:00,1.0,COVID-19,aucun,1.0,2.0,49.26
2020-04-01 00:00:00,0.0,inflation,aucun,0.0,2.0,60.25
2020-11-01 00:00:00,1.0,aucun,injection liquidité,0.0,2.0,87.12
2022-06-01 00:00:00,0.0,COVID-19,hausse taux,0.0,2.0,52.52
2020-10-01 00:00:00,0.0,inflation,baisse taux,0.0,2.0,97.88
2020-06-01 00:00:00,1.0,aucun,baisse taux,1.0,3.0,36.32
2022-06-01 00:00:00,0.0,inflation,aucun,0.0,0.0,69.4
2022-03-01 00:00:00,0.0,aucun,hausse taux,0.0,2.0,45.15
2020-07-01 00:00:00,1.0,inflation,aucun,0.0,2.0,75.18
2022-06-01 00:00:00,0.0,aucun,aucun,0.0,1.0,93.12
2021-02-01 00:00:00,1.0,aucun,baisse taux,0.0,3.0,66.87
2020-11-01 00:00:00,0.0,inflation,hausse taux,1.0,5.0,33.92
2020-03-01 00:00:00,0.0,aucun,aucun,0.0,2.0,68.58
2021-08-01 00:00:00,0.0,COVID-19,hausse taux,0.0,2.0,46.66
2020-11-01 00:00:00,0.0,inflation,hausse taux,0.0,1.0,82.87
2021-12-01 00:00:00,0.0,aucun,aucun,0.0,2.0,53.13
2020-08-01 00:00:00,0.0,aucun,aucun,1.0,4.0,77.66
2020-03-01 00:00:00,1.0,inflation,hausse taux,0.0,1.0,77.04
2022-12-01 00:00:00,0.0,aucun,hausse taux,0.0,2.0,39.6
2022-12-01 00:00:00,0.0,aucun,baisse taux,1.0,5.0,52.25
2020-03-01 00:00:00,0.0,conflit externe,aucun,1.0,3.0,71.57
2022-03-01 00:00:00,0.0,COVID-19,aucun,0.0,3.0,42.26
2020-07-01 00:00:00,1.0,inflation,aucun,0.0,2.0,46.02
2022-09-01 00:00:00,0.0,COVID-19,aucun,0.0,2.0,67.19
2022-04-01 00:00:00,1.0,aucun,hausse taux,0.0,3.0,50.62
2021-02-01 00:00:00,0.0,inflation,baisse taux,0.0,4.0,67.29
2020-09-01 00:00:00,0.0,COVID-19,hausse taux,0.0,0.0,31.35
2021-07-01 00:00:00,0.0,conflit externe,aucun,0.0,0.0,37.16
2021-03-01 00:00:00,0.0,conflit externe,baisse taux,0.0,1.0,33.79
2022-10-01 00:00:00,0.0,inflation,aucun,0.0,2.0,40.99
2022-12-01 00:00:00,0.0,aucun,hausse taux,1.0,2.0,65.57
2020-11-01 00:00:00,0.0,aucun,baisse taux,0.0,2.0,91.12
2020-07-01 00:00:00,0.0,inflation,injection liquidité,0.0,5.0,36.16
2022-10-01 00:00:00,0.0,inflation,aucun,0.0,4.0,87.93
2021-08-01 00:00:00,0.0,inflation,baisse taux,1.0,1.0,71.14
2020-11-01 00:00:00,0.0,aucun,baisse taux,1.0,1.0,59.61
2020-08-01 00:00:00,1.0,aucun,aucun,1.0,5.0,65.2
2022-06-01 00:00:00,1.0,inflation,aucun,0.0,2.0,43.49
2020-10-01 00:00:00,0.0,aucun,aucun,0.0,8.0,75.19
2020-06-01 00:00:00,1.0,inflation,injection liquidité,1.0,0.0,63.3
2021-11-01 00:00:00,0.0,inflation,injection liquidité,1.0,1.0,66.29
2020-03-01 00:00:00,0.0,aucun,aucun,0.0,0.0,92.37
2022-05-01 00:00:00,1.0,aucun,aucun,1.0,2.0,30.04
2022-09-01 00:00:00,1.0,inflation,aucun,0.0,1.0,38.25
2022-12-01 00:00:00,0.0,COVID-19,hausse taux,1.0,4.0,68.58
2021-08-01 00:00:00,0.0,inflation,injection liquidité,0.0,2.0,47.27
2021-02-01 00:00:00,1.0,inflation,baisse taux,1.0,2.0,60.01
2021-02-01 00:00:00,0.0,inflation,hausse taux,1.0,1.0,60.09
2020-10-01 00:00:00,0.0,conflit externe,aucun,1.0,1.0,85.63
2021-10-01 00:00:00,0.0,inflation,hausse taux,1.0,3.0,87.67
2022-07-01 00:00:00,0.0,conflit externe,hausse taux,1.0,1.0,89.35
2021-06-01 00:00:00,1.0,aucun,baisse taux,0.0,1.0,35.5
2022-01-01 00:00:00,1.0,conflit externe,hausse taux,0.0,2.0,37.19
2022-11-01 00:00:00,1.0,COVID-19,baisse taux,0.0,3.0,59.62
2020-05-01 00:00:00,0.0,COVID-19,aucun,0.0,4.0,49.61
2020-06-01 00:00:00,1.0,inflation,aucun,1.0,2.0,35.92
2021-07-01 00:00:00,0.0,inflation,baisse taux,0.0,0.0,63.07
2020-09-01 00:00:00,0.0,inflation,baisse taux,0.0,2.0,52.38
2022-06-01 00:00:00,0.0,conflit externe,hausse taux,0.0,3.0,88.79
2021-04-01 00:00:00,0.0,COVID-19,aucun,0.0,4.0,34.63
2020-08-01 00:00:00,1.0,inflation,aucun,0.0,3.0,86.99
2022-01-01 00:00:00,1.0,COVID-19,aucun,0.0,2.0,96.82
2020-11-01 00:00:00,1.0,aucun,injection liquidité,0.0,2.0,48.77
2021-01-01 00:00:00,0.0,inflation,aucun,0.0,0.0,93.98
2020-04-01 00:00:00,1.0,inflation,hausse taux,0.0,2.0,85.43
2020-02-01 00:00:00,0.0,inflation,aucun,1.0,1.0,89.05
2022-08-01 00:00:00,0.0,inflation,aucun,1.0,2.0,42.03
2021-11-01 00:00:00,0.0,aucun,aucun,0.0,1.0,55.97
2022-12-01 00:00:00,0.0,inflation,aucun,1.0,5.0,41.24
2022-03-01 00:00:00,1.0,inflation,hausse taux,0.0,2.0,30.38
2021-04-01 00:00:00,0.0,aucun,injection liquidité,1.0,2.0,98.78
2021-02-01 00:00:00,1.0,inflation,hausse taux,1.0,5.0,80.5
2020-01-01 00:00:00,0.0,inflation,hausse taux,0.0,2.0,33.89
2020-10-01 00:00:00,0.0,inflation,aucun,1.0,1.0,72.41
2021-01-01 00:00:00,0.0,conflit externe,baisse taux,0.0,1.0,48.47
2021-07-01 00:00:00,0.0,COVID-19,baisse taux,0.0,4.0,47.65
2022-05-01 00:00:00,0.0,conflit externe,hausse taux,0.0,2.0,32.29
2022-05-01 00:00:00,1.0,aucun,baisse taux,0.0,1.0,71.07
2020-07-01 00:00:00,1.0,aucun,injection liquidité,0.0,2.0,60.82
2021-12-01 00:00:00,0.0,COVID-19,injection liquidité,0.0,2.0,63.81
2021-06-01 00:00:00,0.0,COVID-19,baisse taux,0.0,1.0,82.47
2021-10-01 00:00:00,1.0,COVID-19,baisse taux,1.0,2.0,30.93
2021-04-01 00:00:00,0.0,inflation,aucun,1.0,2.0,52.43
2022-10-01 00:00:00,0.0,COVID-19,hausse taux,0.0,1.0,54.89
2021-10-01 00:00:00,1.0,COVID-19,baisse taux,0.0,1.0,60.45
2020-08-01 00:00:00,0.0,inflation,aucun,0.0,2.0,32.48
2022-11-01 00:00:00,0.0,inflation,hausse taux,0.0,1.0,39.73
2020-05-01 00:00:00,0.0,COVID-19,aucun,0.0,4.0,78.12
2022-07-01 00:00:00,0.0,COVID-19,aucun,0.0,1.0,46.85
2022-02-01 00:00:00,0.0,inflation,baisse taux,0.0,4.0,66.38
2021-07-01 00:00:00,0.0,aucun,hausse taux,0.0,3.0,62.34
2022-10-01 00:00:00,1.0,aucun,injection liquidité,0.0,1.0,67.79
2020-10-01 00:00:00,0.0,inflation,baisse taux,0.0,0.0,54.61
2022-08-01 00:00:00,1.0,aucun,injection liquidité,0.0,5.0,33.09
2020-02-01 00:00:00,0.0,COVID-19,baisse taux,0.0,5.0,89.7
2020-01-01 00:00:00,0.0,inflation,aucun,0.0,4.0,65.62
2022-02-01 00:00:00,0.0,aucun,baisse taux,0.0,3.0,57.06
2021-03-01 00:00:00,1.0,inflation,baisse taux,1.0,1.0,91.61
2022-03-01 00:00:00,0.0,conflit externe,aucun,0.0,3.0,39.98
2021-04-01 00:00:00,1.0,inflation,hausse taux,0.0,2.0,57.12
2021-11-01 00:00:00,1.0,inflation,hausse taux,1.0,1.0,52.59
2020-05-01 00:00:00,0.0,conflit externe,aucun,0.0,1.0,49.72
2020-08-01 00:00:00,0.0,aucun,baisse taux,0.0,0.0,80.37
2021-11-01 00:00:00,1.0,inflation,injection liquidité,1.0,1.0,67.93
2021-07-01 00:00:00,0.0,aucun,baisse taux,0.0,4.0,81.15
2022-05-01 00:00:00,0.0,inflation,injection liquidité,0.0,5.0,83.19
2020-10-01 00:00:00,0.0,inflation,aucun,0.0,2.0,95.18
2022-01-01 00:00:00,0.0,inflation,aucun,1.0,2.0,94.11
2020-11-01 00:00:00,0.0,aucun,baisse taux,0.0,2.0,49.97
2021-11-01 00:00:00,0.0,inflation,aucun,0.0,2.0,79.85
2020-08-01 00:00:00,0.0,inflation,baisse taux,0.0,2.0,73.72
2022-07-01 00:00:00,0.0,COVID-19,hausse taux,0.0,2.0,86.65
2021-03-01 00:00:00,0.0,inflation,hausse taux,1.0,0.0,92.17
2021-04-01 00:00:00,0.0,inflation,baisse taux,1.0,4.0,89.87
2020-10-01 00:00:00,1.0,inflation,injection liquidité,1.0,3.0,99.93
2022-10-01 00:00:00,0.0,COVID-19,hausse taux,0.0,1.0,72.12
2021-05-01 00:00:00,1.0,COVID-19,aucun,0.0,1.0,61.0
2022-10-01 00:00:00,1.0,inflation,baisse taux,0.0,1.0,69.91
2020-05-01 00:00:00,0.0,inflation,hausse taux,0.0,2.0,48.53
2022-12-01 00:00:00,1.0,conflit externe,aucun,0.0,3.0,58.72
2020-10-01 00:00:00,0.0,inflation,injection liquidité,1.0,3.0,58.58
2020-08-01 00:00:00,1.0,inflation,hausse taux,0.0,1.0,74.37
2020-04-01 00:00:00,0.0,conflit externe,baisse taux,1.0,1.0,39.38
2020-02-01 00:00:00,0.0,inflation,aucun,1.0,0.0,52.5
2021-12-01 00:00:00,0.0,inflation,aucun,1.0,5.0,62.29
2022-08-01 00:00:00,0.0,aucun,injection liquidité,0.0,5.0,56.26
2022-01-01 00:00:00,1.0,inflation,aucun,0.0,1.0,47.81
2020-10-01 00:00:00,1.0,inflation,baisse taux,0.0,2.0,38.23
2022-03-01 00:00:00,0.0,inflation,hausse taux,1.0,1.0,81.97
2022-02-01 00:00:00,1.0,COVID-19,aucun,0.0,2.0,82.32
2021-04-01 00:00:00,0.0,COVID-19,injection liquidité,0.0,1.0,94.86
2020-03-01 00:00:00,0.0,aucun,hausse taux,0.0,1.0,63.5
2022-09-01 00:00:00,0.0,inflation,hausse taux,1.0,4.0,41.16
2022-10-01 00:00:00,0.0,inflation,injection liquidité,0.0,1.0,78.59
2022-09-01 00:00:00,1.0,inflation,hausse taux,1.0,1.0,45.96
2020-07-01 00:00:00,0.0,inflation,injection liquidité,1.0,2.0,39.09
2021-11-01 00:00:00,0.0,inflation,aucun,0.0,3.0,37.02
2021-10-01 00:00:00,0.0,inflation,hausse taux,0.0,1.0,45.49
2020-06-01 00:00:00,0.0,COVID-19,aucun,1.0,2.0,32.06
2021-06-01 00:00:00,1.0,aucun,aucun,1.0,0.0,62.93
2020-09-01 00:00:00,0.0,COVID-19,aucun,0.0,3.0,55.01
2020-07-01 00:00:00,0.0,conflit externe,baisse taux,0.0,0.0,66.75
2022-05-01 00:00:00,0.0,inflation,hausse taux,0.0,1.0,48.66
2020-02-01 00:00:00,0.0,COVID-19,aucun,0.0,2.0,46.23
2021-03-01 00:00:00,1.0,inflation,baisse taux,0.0,5.0,98.82
2020-11-01 00:00:00,1.0,aucun,aucun,1.0,2.0,98.67
2022-09-01 00:00:00,1.0,inflation,aucun,1.0,1.0,56.07
2021-04-01 00:00:00,0.0,aucun,aucun,1.0,2.0,53.17
2020-05-01 00:00:00,0.0,inflation,baisse taux,0.0,7.0,32.88
2022-02-01 00:00:00,0.0,inflation,baisse taux,0.0,2.0,92.65
2022-10-01 00:00:00,0.0,aucun,aucun,0.0,3.0,85.32
2021-01-01 00:00:00,0.0,inflation,baisse taux,0.0,3.0,37.48
2021-03-01 00:00:00,0.0,inflation,injection liquidité,0.0,2.0,34.5
2021-04-01 00:00:00,0.0,inflation,aucun,0.0,2.0,45.58
2021-01-01 00:00:00,1.0,conflit externe,baisse taux,0.0,1.0,77.03
2020-05-01 00:00:00,0.0,inflation,baisse taux,0.0,3.0,79.89
2021-10-01 00:00:00,1.0,aucun,baisse taux,0.0,1.0,64.5
2022-03-01 00:00:00,1.0,inflation,aucun,0.0,4.0,32.63
2020-11-01 00:00:00,0.0,aucun,aucun,1.0,0.0,38.35
2022-04-01 00:00:00,0.0,inflation,hausse taux,1.0,3.0,66.6
2021-02-01 00:00:00,0.0,inflation,injection liquidité,0.0,2.0,96.05
2020-10-01 00:00:00,0.0,COVID-19,baisse taux,0.0,0.0,40.47
2021-11-01 00:00:00,0.0,inflation,baisse taux,0.0,3.0,42.94
2022-01-01 00:00:00,0.0,aucun,aucun,1.0,2.0,44.94
2020-12-01 00:00:00,0.0,conflit externe,hausse taux,0.0,2.0,33.65
2022-11-01 00:00:00,0.0,inflation,hausse taux,0.0,1.0,55.0
2020-05-01 00:00:00,0.0,conflit externe,aucun,0.0,4.0,69.71
2020-01-01 00:00:00,0.0,inflation,baisse taux,1.0,1.0,48.66
2022-06-01 00:00:00,0.0,COVID-19,aucun,0.0,2.0,32.96
2022-11-01 00:00:00,0.0,COVID-19,hausse taux,0.0,1.0,76.84
2020-05-01 00:00:00,0.0,aucun,hausse taux,0.0,2.0,73.21
2021-05-01 00:00:00,0.0,aucun,aucun,0.0,1.0,88.55
2021-12-01 00:00:00,0.0,aucun,hausse taux,1.0,0.0,51.54
2021-12-01 00:00:00,0.0,aucun,baisse taux,0.0,4.0,66.92
2020-05-01 00:00:00,0.0,inflation,hausse taux,0.0,1.0,34.03
2020-12-01 00:00:00,1.0,inflation,injection liquidité,0.0,2.0,75.86
2020-05-01 00:00:00,0.0,inflation,aucun,0.0,7.0,62.59
2021-04-01 00:00:00,0.0,COVID-19,injection liquidité,0.0,4.0,76.81
2020-12-01 00:00:00,0.0,COVID-19,hausse taux,1.0,2.0,95.98
2020-12-01 00:00:00,0.0,inflation,injection liquidité,1.0,4.0,36.45
2021-12-01 00:00:00,0.0,COVID-19,aucun,0.0,1.0,57.06
2022-03-01 00:00:00,0.0,inflation,aucun,0.0,3.0,47.38
2021-01-01 00:00:00,1.0,inflation,injection liquidité,0.0,2.0,67.35
2021-08-01 00:00:00,1.0,aucun,injection liquidité,0.0,1.0,34.77
2022-07-01 00:00:00,0.0,aucun,aucun,0.0,1.0,42.84
2020-09-01 00:00:00,1.0,aucun,hausse taux,0.0,5.0,99.6
2021-09-01 00:00:00,0.0,inflation,baisse taux,0.0,1.0,47.96
2022-03-01 00:00:00,1.0,aucun,hausse taux,1.0,3.0,34.31
2021-01-01 00:00:00,0.0,conflit externe,aucun,1.0,3.0,39.7
2021-04-01 00:00:00,0.0,aucun,aucun,0.0,1.0,50.78
2022-04-01 00:00:00,1.0,conflit externe,hausse taux,0.0,3.0,58.66
2021-03-01 00:00:00,1.0,inflation,aucun,1.0,3.0,38.02
2020-01-01 00:00:00,1.0,COVID-19,baisse taux,0.0,1.0,72.49
2020-12-01 00:00:00,0.0,aucun,hausse taux,0.0,3.0,81.31
2020-08-01 00:00:00,0.0,inflation,aucun,1.0,2.0,31.93
2022-01-01 00:00:00,0.0,aucun,baisse taux,0.0,2.0,88.56
2022-03-01 00:00:00,0.0,inflation,baisse taux,0.0,3.0,60.5
2020-05-01 00:00:00,0.0,aucun,hausse taux,0.0,0.0,65.58
2021-05-01 00:00:00,0.0,inflation,injection liquidité,1.0,3.0,98.14
2021-12-01 00:00:00,1.0,inflation,injection liquidité,1.0,3.0,90.92
2022-12-01 00:00:00,1.0,inflation,injection liquidité,0.0,1.0,32.38
2020-11-01 00:00:00,1.0,COVID-19,aucun,1.0,1.0,35.73
2021-11-01 00:00:00,0.0,aucun,baisse taux,0.0,1.0,90.04
2021-06-01 00:00:00,0.0,inflation,injection liquidité,1.0,0.0,68.04
2021-05-01 00:00:00,0.0,inflation,aucun,1.0,6.0,98.01
2022-02-01 00:00:00,1.0,aucun,baisse taux,0.0,2.0,50.92
2021-06-01 00:00:00,0.0,inflation,aucun,1.0,2.0,72.54
2021-05-01 00:00:00,1.0,conflit externe,baisse taux,0.0,1.0,39.93
2021-09-01 00:00:00,1.0,aucun,injection liquidité,0.0,1.0,36.18
2021-02-01 00:00:00,1.0,aucun,injection liquidité,0.0,2.0,66.74
2021-05-01 00:00:00,1.0,inflation,baisse taux,0.0,6.0,77.27
2022-03-01 00:00:00,0.0,inflation,hausse taux,0.0,2.0,99.71
2020-09-01 00:00:00,1.0,aucun,injection liquidité,1.0,3.0,74.58
2022-01-01 00:00:00,0.0,inflation,baisse taux,1.0,4.0,40.36
2021-07-01 00:00:00,0.0,inflation,hausse taux,0.0,2.0,67.27
2020-03-01 00:00:00,0.0,inflation,aucun,1.0,1.0,88.41
2020-08-01 00:00:00,0.0,inflation,hausse taux,0.0,0.0,38.29
2021-04-01 00:00:00,0.0,COVID-19,baisse taux,1.0,3.0,40.07
2022-06-01 00:00:00,0.0,inflation,hausse taux,0.0,1.0,82.64
2020-08-01 00:00:00,0.0,aucun,injection liquidité,0.0,3.0,43.34
2020-02-01 00:00:00,0.0,inflation,aucun,0.0,2.0,60.91
2022-01-01 00:00:00,0.0,inflation,injection liquidité,1.0,1.0,98.96
2022-05-01 00:00:00,1.0,aucun,hausse taux,1.0,2.0,91.11
2022-01-01 00:00:00,1.0,inflation,injection liquidité,0.0,3.0,36.15
2022-10-01 00:00:00,1.0,aucun,aucun,0.0,1.0,45.81
2021-09-01 00:00:00,0.0,inflation,aucun,0.0,1.0,38.04
2020-09-01 00:00:00,1.0,aucun,hausse taux,1.0,4.0,83.52
2021-07-01 00:00:00,1.0,COVID-19,baisse taux,1.0,2.0,61.28
2020-10-01 00:00:00,1.0,aucun,aucun,0.0,3.0,83.99
2022-11-01 00:00:00,0.0,inflation,injection liquidité,1.0,2.0,41.04
2022-08-01 00:00:00,0.0,aucun,hausse taux,0.0,1.0,77.83
2022-11-01 00:00:00,0.0,aucun,hausse taux,0.0,1.0,36.31
2021-10-01 00:00:00,0.0,COVID-19,aucun,0.0,3.0,64.92
2021-12-01 00:00:00,0.0,inflation,baisse taux,0.0,2.0,72.09
2021-05-01 00:00:00,0.0,aucun,hausse taux,1.0,4.0,77.9
2020-01-01 00:00:00,0.0,inflation,injection liquidité,0.0,2.0,99.74
2021-08-01 00:00:00,0.0,inflation,aucun,0.0,1.0,73.83
2020-05-01 00:00:00,0.0,aucun,injection liquidité,0.0,2.0,96.18
2020-01-01 00:00:00,0.0,conflit externe,baisse taux,1.0,3.0,93.94
2020-07-01 00:00:00,1.0,COVID-19,injection liquidité,0.0,2.0,84.1
2021-03-01 00:00:00,0.0,inflation,aucun,0.0,1.0,30.01
2021-07-01 00:00:00,1.0,aucun,hausse taux,1.0,1.0,63.66
2021-07-01 00:00:00,1.0,COVID-19,hausse taux,1.0,2.0,92.04
2022-04-01 00:00:00,1.0,aucun,hausse taux,1.0,0.0,42.65
2020-10-01 00:00:00,1.0,aucun,aucun,1.0,2.0,43.4
2020-07-01 00:00:00,0.0,conflit externe,injection liquidité,1.0,2.0,80.96
2020-11-01 00:00:00,0.0,aucun,hausse taux,0.0,1.0,30.28
2021-04-01 00:00:00,0.0,aucun,aucun,0.0,1.0,62.33
2020-11-01 00:00:00,0.0,COVID-19,baisse taux,0.0,2.0,64.49
2022-08-01 00:00:00,0.0,COVID-19,aucun,0.0,4.0,33.41
2022-07-01 00:00:00,1.0,aucun,hausse taux,0.0,3.0,38.55
2021-02-01 00:00:00,0.0,inflation,hausse taux,0.0,1.0,56.43
2020-01-01 00:00:00,0.0,inflation,baisse taux,0.0,2.0,87.7
2020-03-01 00:00:00,0.0,COVID-19,aucun,1.0,4.0,68.57
2021-09-01 00:00:00,0.0,aucun,baisse taux,0.0,3.0,47.73
2022-11-01 00:00:00,0.0,inflation,injection liquidité,1.0,0.0,66.09
2020-09-01 00:00:00,0.0,inflation,injection liquidité,0.0,0.0,95.11
2021-12-01 00:00:00,0.0,inflation,baisse taux,0.0,4.0,31.58
2022-02-01 00:00:00,0.0,inflation,baisse taux,0.0,2.0,78.74
2021-03-01 00:00:00,0.0,COVID-19,aucun,0.0,1.0,64.08
2022-07-01 00:00:00,0.0,inflation,injection liquidité,1.0,2.0,64.38
2022-12-01 00:00:00,0.0,inflation,baisse taux,0.0,0.0,43.81
2021-10-01 00:00:00,0.0,inflation,injection liquidité,1.0,2.0,80.41
2021-05-01 00:00:00,0.0,inflation,aucun,0.0,4.0,76.81
2021-05-01 00:00:00,1.0,inflation,hausse taux,0.0,3.0,68.51
2021-10-01 00:00:00,0.0,inflation,baisse taux,0.0,3.0,39.47
2020-02-01 00:00:00,0.0,aucun,injection liquidité,0.0,1.0,46.64
2022-02-01 00:00:00,1.0,inflation,injection liquidité,0.0,2.0,99.4
2020-03-01 00:00:00,0.0,inflation,aucun,1.0,0.0,79.41
2021-08-01 00:00:00,1.0,COVID-19,hausse taux,0.0,1.0,38.35
2020-08-01 00:00:00,1.0,aucun,hausse taux,0.0,4.0,75.41
2020-11-01 00:00:00,0.0,inflation,injection liquidité,0.0,0.0,54.57
2022-12-01 00:00:00,1.0,conflit externe,aucun,0.0,2.0,46.24
2020-07-01 00:00:00,1.0,inflation,hausse taux,0.0,2.0,30.26
2021-05-01 00:00:00,1.0,inflation,baisse taux,1.0,0.0,46.45
2021-08-01 00:00:00,1.0,aucun,hausse taux,1.0,4.0,33.85
2022-10-01 00:00:00,0.0,conflit externe,aucun,0.0,3.0,87.01
2022-06-01 00:00:00,0.0,aucun,baisse taux,0.0,2.0,78.42
2020-04-01 00:00:00,0.0,conflit externe,hausse taux,0.0,0.0,30.46
2021-03-01 00:00:00,0.0,inflation,hausse taux,1.0,2.0,87.75
2022-11-01 00:00:00,1.0,inflation,hausse taux,0.0,3.0,63.1
2020-10-01 00:00:00,1.0,inflation,aucun,1.0,1.0,72.77
2021-08-01 00:00:00,0.0,COVID-19,baisse taux,0.0,1.0,32.04
2020-02-01 00:00:00,1.0,inflation,aucun,1.0,0.0,85.35
2022-04-01 00:00:00,1.0,inflation,aucun,0.0,4.0,99.51
2020-07-01 00:00:00,0.0,aucun,injection liquidité,0.0,4.0,32.48
2021-10-01 00:00:00,1.0,aucun,injection liquidité,1.0,0.0,96.57
2020-05-01 00:00:00,0.0,inflation,hausse taux,1.0,4.0,39.19
2022-03-01 00:00:00,0.0,aucun,hausse taux,0.0,2.0,82.63
2020-01-01 00:00:00,1.0,inflation,aucun,0.0,2.0,35.2
2020-10-01 00:00:00,1.0,conflit externe,aucun,1.0,1.0,70.47
2022-01-01 00:00:00,0.0,conflit externe,injection liquidité,1.0,1.0,48.86
2022-07-01 00:00:00,1.0,COVID-19,aucun,0.0,3.0,79.72
2022-03-01 00:00:00,1.0,COVID-19,injection liquidité,0.0,3.0,34.12
2021-11-01 00:00:00,0.0,inflation,baisse taux,1.0,6.0,90.67
2020-08-01 00:00:00,0.0,inflation,injection liquidité,0.0,3.0,69.08
2021-06-01 00:00:00,0.0,inflation,hausse taux,0.0,1.0,67.96
2021-12-01 00:00:00,0.0,inflation,aucun,1.0,2.0,95.54
2022-06-01 00:00:00,0.0,COVID-19,injection liquidité,1.0,4.0,64.66
2021-04-01 00:00:00,0.0,inflation,baisse taux,0.0,1.0,82.93
2020-07-01 00:00:00,0.0,COVID-19,aucun,1.0,0.0,73.48
2022-10-01 00:00:00,0.0,COVID-19,baisse taux,0.0,2.0,74.98
2021-12-01 00:00:00,1.0,conflit externe,hausse taux,1.0,0.0,45.41
2021-02-01 00:00:00,1.0,aucun,baisse taux,1.0,2.0,67.89
2020-06-01 00:00:00,1.0,inflation,aucun,0.0,1.0,45.63
2020-08-01 00:00:00,0.0,COVID-19,aucun,0.0,0.0,40.43
2022-03-01 00:00:00,0.0,conflit externe,baisse taux,0.0,2.0,67.45
2020-05-01 00:00:00,1.0,aucun,injection liquidité,0.0,2.0,49.44
2022-11-01 00:00:00,0.0,COVID-19,injection liquidité,0.0,1.0,53.14
2022-02-01 00:00:00,0.0,COVID-19,aucun,0.0,2.0,83.88
2020-10-01 00:00:00,0.0,inflation,aucun,0.0,2.0,47.52
2021-11-01 00:00:00,0.0,inflation,hausse taux,0.0,4.0,42.34
2022-04-01 00:00:00,0.0,aucun,hausse taux,1.0,3.0,42.8
2022-06-01 00:00:00,0.0,COVID-19,baisse taux,1.0,4.0,64.27
2022-12-01 00:00:00,0.0,aucun,injection liquidité,0.0,0.0,63.94
2021-03-01 00:00:00,1.0,aucun,hausse taux,1.0,1.0,34.49
2022-04-01 00:00:00,1.0,inflation,hausse taux,1.0,1.0,40.64
2022-06-01 00:00:00,0.0,inflation,baisse taux,1.0,2.0,94.19
2020-04-01 00:00:00,0.0,aucun,baisse taux,1.0,2.0,74.77
2022-07-01 00:00:00,0.0,inflation,aucun,1.0,2.0,98.23
2020-07-01 00:00:00,1.0,inflation,hausse taux,1.0,0.0,66.91
2021-11-01 00:00:00,0.0,COVID-19,aucun,0.0,3.0,39.21
2022-10-01 00:00:00,0.0,inflation,hausse taux,1.0,3.0,94.03
2022-02-01 00:00:00,1.0,aucun,hausse taux,1.0,1.0,39.98
2021-04-01 00:00:00,0.0,aucun,hausse taux,0.0,2.0,46.42
2021-03-01 00:00:00,0.0,aucun,hausse taux,1.0,2.0,43.57
2022-12-01 00:00:00,0.0,aucun,hausse taux,0.0,3.0,77.3
2022-12-01 00:00:00,0.0,aucun,baisse taux,1.0,2.0,93.62
2021-05-01 00:00:00,1.0,inflation,aucun,0.0,2.0,49.79
2020-05-01 00:00:00,0.0,aucun,hausse taux,0.0,0.0,82.69
