Date,Institution,Type_Transaction,Montant,Devise,Inflation,Taux_Change,Paiement_Reussi,Stabilite_Monetaire
2025-04-23,BICEC,Paiement international,4551302.95,EUR,3.17,654.71,1,1
2024-12-02,Afriland,Virement interbancaire,6098883.09,EUR,3.68,689.28,1,1
2025-06-24,SYSTAC,Paiement international,1128888.04,EUR,8.46,618.41,1,1
2024-08-30,UBA,Crédit,1276163.02,USD,6.65,687.26,1,1
2025-07-06,SYSTAC,Paiement masse salariale,3828798.14,EUR,8.47,592.43,1,1
2025-02-22,BICEC,Débit,6937707.62,EUR,8.46,644.91,1,1
2025-07-08,UBA,Paiement masse salariale,5773031.31,USD,4.01,604.38,1,1
2025-07-03,SCB,Crédit,4464106.82,XAF,2.62,677.89,0,1
2025-01-17,UBA,Débit,5865509.11,EUR,4.76,609.28,1,1
2025-06-12,Afriland,Règlement de titre,6878234.64,XAF,3.07,667.61,1,1
2024-11-26,Afriland,Prélèvement fiscal,6429707.68,USD,8.84,668.8,1,1
2025-01-11,Ecobank,Virement interbancaire,740204.43,XAF,5.05,676.75,1,1
2024-10-02,BEAC,Crédit,8819385.31,EUR,2.68,562.95,1,1
2025-02-14,SYSTAC,Transfert de fonds,7928642.62,USD,9.41,666.46,1,1
2025-04-16,SCB,Prélèvement fiscal,973587.82,XAF,2.55,597.32,1,1
2025-03-13,BEAC,Crédit,5458437.96,XAF,9.16,695.63,1,1
2025-02-03,SYSTAC,Prélèvement fiscal,2321053.68,USD,6.3,587.49,1,1
2025-04-20,UBA,Paiement international,6047842.92,EUR,8.64,596.43,1,1
2025-05-29,Ecobank,Débit,851336.36,EUR,2.43,652.15,0,1
2024-08-12,UBA,Transfert de fonds,808179.85,XAF,2.54,554.55,1,1
2024-09-15,SIGMA,Règlement de titre,8562784.29,XAF,8.73,565.15,1,1
2025-02-16,Afriland,Règlement de titre,3823979.16,EUR,4.08,615.58,1,1
2025-05-06,Afriland,Paiement masse salariale,9105761.04,EUR,5.8,694.18,1,1
2025-07-02,Afriland,Débit,2554879.85,EUR,2.07,687.27,1,1
2024-12-18,Ecobank,Transfert de fonds,674646.12,USD,5.82,662.94,1,1
2024-12-26,SIGMA,Virement interbancaire,6112904.26,XAF,9.26,582.15,1,1
2025-03-16,SIGMA,Paiement masse salariale,9562278.58,EUR,3.69,562.58,1,1
2025-03-14,Ecobank,Paiement masse salariale,7372119.91,USD,5.78,557.58,1,1
2025-01-07,BICEC,Paiement international,6522264.03,EUR,4.95,673.09,1,1
2025-02-28,Afriland,Prélèvement fiscal,8045899.42,USD,9.84,607.46,0,1
2024-08-11,Ecobank,Prélèvement fiscal,7024113.12,XAF,2.26,697.91,1,1
2025-05-28,Ecobank,Débit,3419267.88,EUR,3.47,683.15,0,1
2024-11-08,Ecobank,Paiement international,9956946.97,USD,3.12,589.12,1,1
2024-09-08,Ecobank,Règlement de titre,9664312.52,EUR,6.61,557.46,1,1
2024-09-25,BICEC,Virement interbancaire,6615925.01,USD,2.44,663.99,1,1
2025-05-14,Afriland,Débit,3718322.65,XAF,7.67,674.3,0,0
2025-05-30,SYSTAC,Règlement de titre,3053373.64,EUR,4.73,628.65,1,1
2024-12-22,UBA,Paiement international,1921775.89,USD,5.28,628.94,1,1
2025-04-24,Afriland,Virement interbancaire,9289156.9,USD,6.16,564.17,1,1
2025-04-16,Ecobank,Transfert de fonds,1775733.3,USD,2.6,630.67,1,1
2024-10-01,SIGMA,Paiement international,7343097.07,USD,9.93,592.52,1,1
2025-03-17,SYSTAC,Débit,7223181.25,USD,9.38,605.27,0,1
2024-09-17,SCB,Prélèvement fiscal,4732343.63,USD,9.49,621.83,1,1
2025-04-19,BICEC,Débit,2339304.6,USD,5.05,581.23,1,1
2025-01-13,SCB,Paiement international,3126201.77,EUR,6.39,637.04,1,1
2024-11-02,UBA,Virement interbancaire,6707143.18,XAF,8.04,626.24,1,1
2024-11-23,UBA,Règlement de titre,2556312.77,USD,2.55,668.62,1,1
2025-04-29,Ecobank,Prélèvement fiscal,3364830.37,XAF,2.76,580.48,1,1
2025-02-03,Afriland,Débit,1820673.09,USD,5.79,595.09,0,1
2025-04-24,BEAC,Paiement masse salariale,1758331.04,EUR,9.43,552.7,1,1
2025-03-26,SCB,Virement interbancaire,8292812.15,USD,6.18,699.79,1,1
2025-06-27,SCB,Prélèvement fiscal,7924126.33,USD,8.19,678.12,1,1
2025-01-18,SYSTAC,Paiement international,9765465.17,EUR,6.55,583.18,1,1
2025-07-03,SYSTAC,Prélèvement fiscal,3806855.88,XAF,9.97,590.84,1,1
2025-07-06,BEAC,Débit,6657708.02,XAF,4.09,566.35,1,1
2024-12-05,SCB,Transfert de fonds,9471935.3,USD,5.61,681.97,1,1
2024-10-30,SYSTAC,Prélèvement fiscal,4141862.28,XAF,9.34,674.97,1,1
2024-08-26,Ecobank,Prélèvement fiscal,1492472.12,EUR,9.78,617.95,1,1
2024-09-14,BICEC,Prélèvement fiscal,1891602.78,XAF,8.64,664.34,1,1
2024-11-11,SCB,Transfert de fonds,5414339.55,EUR,6.25,640.96,1,1
2025-06-22,Ecobank,Transfert de fonds,6525115.63,XAF,3.45,687.03,1,1
2024-12-15,Ecobank,Règlement de titre,5001512.69,EUR,8.14,667.72,1,1
2024-11-06,Ecobank,Débit,7219208.17,EUR,5.9,580.07,1,1
2024-10-28,SIGMA,Virement interbancaire,2642986.72,USD,4.37,629.6,1,1
2025-04-23,SCB,Prélèvement fiscal,8781810.56,USD,4.87,640.05,1,1
2025-06-21,Afriland,Paiement masse salariale,3643636.38,EUR,4.57,612.52,1,1
2024-10-25,UBA,Débit,6585631.77,XAF,3.12,636.53,1,1
2024-08-31,BEAC,Virement interbancaire,6895111.43,EUR,5.1,559.25,1,1
2025-04-11,SCB,Règlement de titre,3173008.12,XAF,4.56,641.44,1,1
2024-12-31,BICEC,Virement interbancaire,3995089.44,XAF,8.52,648.12,0,1
2024-08-19,BICEC,Paiement masse salariale,5248500.84,USD,5.88,568.4,1,1
2024-09-27,BEAC,Paiement masse salariale,4198063.24,USD,3.21,553.72,1,1
2025-02-23,BEAC,Paiement international,4493127.48,XAF,5.18,692.03,1,1
2024-08-16,Afriland,Règlement de titre,8765583.42,XAF,4.11,559.37,0,1
2025-03-17,Afriland,Paiement international,3668509.37,XAF,7.29,573.52,1,1
2025-02-02,BEAC,Virement interbancaire,205214.91,USD,4.34,657.64,1,1
2024-08-10,Ecobank,Prélèvement fiscal,3303475.1,XAF,7.68,697.99,1,1
2025-07-09,SYSTAC,Règlement de titre,9137642.4,EUR,7.59,610.49,1,1
2024-08-22,SIGMA,Paiement masse salariale,8452606.86,USD,8.25,553.15,1,1
2025-04-19,SYSTAC,Virement interbancaire,3559343.5,EUR,8.04,550.58,1,1
2024-12-03,SIGMA,Paiement international,9806421.6,USD,7.13,554.8,1,1
2024-08-15,SIGMA,Virement interbancaire,4726451.53,EUR,7.7,552.72,1,1
2025-01-27,Afriland,Prélèvement fiscal,9828497.8,EUR,8.55,626.49,1,1
2025-01-23,BICEC,Prélèvement fiscal,7405331.15,XAF,8.43,627.14,1,1
2024-09-24,Ecobank,Règlement de titre,5902193.1,EUR,2.82,587.44,1,1
2024-12-23,Afriland,Débit,3136718.28,EUR,6.47,629.79,1,1
2025-07-26,BEAC,Règlement de titre,7142883.68,XAF,9.6,689.91,1,1
2024-08-10,Afriland,Virement interbancaire,7623128.16,XAF,4.55,595.72,1,1
2025-01-10,BEAC,Débit,8981866.43,XAF,5.39,696.45,1,1
2025-06-06,Ecobank,Virement interbancaire,4927075.71,XAF,9.83,655.86,0,1
2025-02-19,SIGMA,Débit,1462877.87,XAF,9.3,696.48,1,1
2025-06-17,UBA,Paiement masse salariale,5862252.7,XAF,2.73,694.9,1,1
2024-08-03,BICEC,Crédit,9966552.21,XAF,5.35,675.49,1,1
2025-01-02,Ecobank,Paiement international,465169.53,EUR,9.71,573.69,1,1
2024-11-14,SYSTAC,Crédit,7184137.37,XAF,9.84,560.79,1,1
2025-06-15,Ecobank,Paiement masse salariale,5292216.61,XAF,8.82,677.33,1,1
2024-11-23,BICEC,Virement interbancaire,1737001.21,XAF,3.17,575.21,1,1
2024-11-12,Ecobank,Transfert de fonds,4199758.56,EUR,7.08,597.82,1,1
2024-11-10,Afriland,Transfert de fonds,6986339.8,USD,3.8,675.13,1,1
2024-10-10,UBA,Paiement international,1749524.85,EUR,7.0,654.89,1,1
2025-02-01,BICEC,Prélèvement fiscal,3408027.65,EUR,2.88,574.03,1,1
2025-01-24,SCB,Transfert de fonds,764490.91,XAF,4.56,645.54,1,1
2024-12-23,SIGMA,Débit,3649806.24,USD,7.02,644.52,1,1
2025-01-17,SCB,Débit,1439844.57,EUR,9.62,626.87,1,1
2025-03-21,SYSTAC,Paiement international,5322183.61,EUR,3.62,592.62,1,1
2025-01-31,SYSTAC,Règlement de titre,4412761.58,XAF,9.92,571.87,1,1
2024-11-27,SCB,Paiement international,3572744.92,XAF,6.66,677.69,1,1
2024-12-24,SIGMA,Débit,8413052.4,XAF,2.04,592.95,1,1
2025-03-15,SIGMA,Paiement masse salariale,2523739.64,USD,2.51,599.5,1,1
2025-02-20,SIGMA,Prélèvement fiscal,1356240.04,EUR,8.88,691.75,1,1
2025-04-05,SCB,Crédit,5674062.59,EUR,7.6,697.75,1,1
2025-01-13,SIGMA,Paiement international,6091129.95,XAF,8.81,616.09,1,1
2024-10-03,BICEC,Prélèvement fiscal,407178.24,USD,3.05,637.12,1,1
2024-10-28,SIGMA,Virement interbancaire,6655890.81,XAF,8.49,656.65,1,1
2024-10-13,SCB,Virement interbancaire,2294428.72,EUR,4.47,590.07,1,1
2025-06-11,BICEC,Virement interbancaire,630667.03,EUR,4.12,687.94,1,1
2025-04-22,BEAC,Débit,4402412.73,USD,9.0,605.65,1,1
2025-07-10,UBA,Transfert de fonds,1355474.66,XAF,3.92,567.35,1,1
2024-08-30,BEAC,Règlement de titre,4571192.08,XAF,8.27,587.28,1,1
2024-08-16,BICEC,Débit,5213899.59,USD,9.23,694.41,1,1
2024-09-07,SIGMA,Débit,9971055.1,EUR,6.64,579.47,1,1
2025-04-23,Afriland,Virement interbancaire,3718574.01,EUR,4.66,601.02,0,1
2025-01-27,SIGMA,Virement interbancaire,1488626.28,USD,5.24,694.68,1,1
2024-10-07,UBA,Paiement international,5810525.84,XAF,2.57,667.93,1,1
2025-02-27,BEAC,Prélèvement fiscal,5111746.67,XAF,8.5,600.0,1,1
2024-08-15,BEAC,Prélèvement fiscal,7464539.61,XAF,6.37,623.88,1,1
2024-09-26,Ecobank,Virement interbancaire,7828520.01,XAF,9.43,610.16,1,1
2025-03-16,UBA,Règlement de titre,2484396.99,USD,3.39,661.1,1,1
2025-02-15,BEAC,Débit,5368827.22,USD,3.0,552.01,1,1
2025-05-01,SCB,Virement interbancaire,3928271.52,EUR,7.75,611.79,1,1
2024-11-19,BEAC,Paiement masse salariale,9625467.86,EUR,6.36,664.82,0,1
2024-08-04,Ecobank,Virement interbancaire,5344173.32,EUR,9.1,556.34,1,1
2025-06-12,BEAC,Transfert de fonds,6027317.74,EUR,3.23,683.07,1,1
2024-12-22,SYSTAC,Transfert de fonds,3162429.48,EUR,6.33,553.46,1,1
2024-12-12,Ecobank,Règlement de titre,4720399.01,XAF,3.25,645.45,1,1
2024-09-04,SYSTAC,Paiement international,1090332.59,EUR,5.28,639.21,1,1
2025-04-06,BEAC,Transfert de fonds,7538872.61,EUR,7.67,550.53,1,1
2024-11-22,Afriland,Virement interbancaire,1911112.85,USD,6.38,552.29,1,1
2025-01-31,Ecobank,Crédit,890076.78,USD,9.5,676.36,1,1
2025-06-01,Ecobank,Prélèvement fiscal,8531136.59,EUR,8.26,615.24,1,1
2024-09-20,Afriland,Paiement masse salariale,3485021.2,XAF,3.67,592.16,0,1
2024-08-02,UBA,Crédit,4175854.07,USD,7.15,552.76,1,1
2024-09-23,Afriland,Paiement international,3102890.91,XAF,4.82,564.94,1,1
2025-05-26,Ecobank,Paiement masse salariale,719235.81,EUR,6.61,697.43,1,1
2025-01-03,SYSTAC,Virement interbancaire,5886296.48,XAF,4.76,688.43,1,1
2024-08-21,Afriland,Virement interbancaire,6665697.1,XAF,4.08,566.47,1,1
2025-02-27,UBA,Crédit,4415877.44,XAF,5.53,694.78,0,1
2024-09-01,Afriland,Débit,4888371.96,XAF,2.36,645.49,1,1
2025-02-23,BEAC,Débit,3951003.78,XAF,9.48,561.68,0,1
2024-12-06,BICEC,Transfert de fonds,6624732.72,XAF,6.13,584.86,1,1
2024-12-27,BEAC,Débit,6401556.42,EUR,3.79,637.98,1,1
2024-11-09,BICEC,Crédit,3572859.5,USD,8.69,649.96,1,1
2025-04-03,BICEC,Paiement masse salariale,8527792.63,XAF,8.82,690.14,1,1
2024-10-29,BICEC,Règlement de titre,9538510.72,USD,3.03,670.63,1,1
2024-10-17,BICEC,Crédit,3691444.65,USD,4.95,579.82,1,1
2025-05-07,Ecobank,Virement interbancaire,4552559.9,USD,6.72,680.94,1,1
2025-07-13,BICEC,Règlement de titre,3889647.59,XAF,5.15,569.77,1,1
2025-05-20,BEAC,Paiement international,7230324.58,EUR,9.46,628.62,1,1
2025-05-16,BICEC,Prélèvement fiscal,6823414.7,USD,3.73,694.44,1,1
2025-02-24,SYSTAC,Paiement masse salariale,9282277.79,XAF,2.75,567.39,1,1
2025-02-03,UBA,Règlement de titre,5969575.36,USD,2.68,657.33,1,1
2025-05-25,BICEC,Paiement international,8265588.64,EUR,4.99,658.35,1,1
2025-03-05,SYSTAC,Paiement international,5837005.45,XAF,3.8,573.89,1,1
2025-03-02,BEAC,Crédit,5662707.29,EUR,6.8,662.53,1,1
2024-12-23,BEAC,Prélèvement fiscal,5179958.15,EUR,9.52,649.5,1,1
2024-11-26,SIGMA,Virement interbancaire,2668849.68,USD,7.14,582.0,1,1
2024-08-22,Afriland,Débit,9746509.47,USD,9.15,559.45,1,1
2025-07-04,SYSTAC,Paiement international,4445216.02,XAF,2.79,611.63,1,1
2025-01-26,BEAC,Prélèvement fiscal,1011165.96,USD,9.26,564.12,1,1
2025-03-04,BICEC,Prélèvement fiscal,5015528.16,USD,9.44,596.39,1,1
2024-08-06,UBA,Paiement masse salariale,5823976.36,XAF,2.34,685.98,1,1
2025-01-19,BICEC,Paiement international,4514691.18,XAF,7.46,557.15,1,1
2025-05-29,SCB,Paiement masse salariale,6323626.55,USD,5.65,605.74,1,1
2024-10-27,SYSTAC,Transfert de fonds,2939173.72,XAF,2.36,556.84,1,1
2025-02-28,BEAC,Crédit,2124186.59,XAF,3.68,676.93,1,1
2024-11-02,UBA,Paiement masse salariale,7246405.94,EUR,7.28,635.98,1,1
2025-03-01,Ecobank,Règlement de titre,8479382.73,XAF,3.78,613.74,1,1
2025-04-01,Ecobank,Débit,6450177.2,EUR,2.57,613.07,1,1
2024-11-25,SCB,Paiement masse salariale,2211856.54,USD,5.93,650.59,1,1
2024-09-22,UBA,Crédit,4931718.23,EUR,8.33,676.1,1,1
2024-09-27,UBA,Paiement masse salariale,8681794.93,USD,6.89,663.23,1,1
2025-05-31,SCB,Prélèvement fiscal,5373513.96,XAF,2.7,661.89,0,1
2024-10-02,UBA,Transfert de fonds,4214151.04,EUR,5.59,577.42,1,1
2025-07-27,SYSTAC,Paiement masse salariale,1119216.16,XAF,2.39,668.01,1,1
2025-02-18,Afriland,Débit,9784521.5,USD,2.48,593.12,1,1
2024-09-04,SYSTAC,Virement interbancaire,135618.5,EUR,9.68,633.03,1,1
2025-03-31,Afriland,Prélèvement fiscal,5608418.82,EUR,6.88,583.47,1,1
2025-06-29,BICEC,Paiement masse salariale,1386045.11,XAF,7.21,660.44,1,1
2025-01-05,SIGMA,Paiement international,2541783.17,XAF,5.9,550.79,1,1
2024-11-23,UBA,Règlement de titre,9294107.22,USD,5.02,575.38,1,1
2025-06-13,BICEC,Virement interbancaire,6540454.75,USD,6.78,608.78,1,1
2025-01-04,SCB,Transfert de fonds,8683018.92,EUR,9.47,643.88,1,1
2025-07-12,Ecobank,Règlement de titre,4946929.34,XAF,2.72,600.2,1,1
2025-04-23,BICEC,Crédit,588553.66,USD,5.57,628.16,1,1
2024-11-02,BEAC,Virement interbancaire,1555143.61,XAF,9.25,561.49,1,1
2024-08-10,SYSTAC,Paiement masse salariale,8664565.36,USD,9.8,596.76,1,1
2025-06-24,SCB,Règlement de titre,3727791.13,EUR,5.4,574.66,1,1
2025-05-26,BICEC,Paiement international,9324751.7,EUR,5.47,616.48,1,1
2025-04-23,Ecobank,Virement interbancaire,639068.38,EUR,8.74,592.53,1,1
2024-08-01,BEAC,Crédit,2603123.5,USD,5.44,561.59,1,1
2025-01-10,SCB,Prélèvement fiscal,2263663.68,USD,9.93,611.51,1,1
2025-03-30,SIGMA,Règlement de titre,73583.19,EUR,3.35,605.85,1,1
2025-06-24,SCB,Prélèvement fiscal,4096542.51,USD,3.86,674.93,0,1
2025-04-26,Afriland,Paiement international,3385760.06,USD,3.92,611.52,1,1
2025-02-07,BEAC,Paiement masse salariale,7509036.14,XAF,2.29,685.63,1,1
2025-06-02,UBA,Paiement masse salariale,8734225.6,USD,5.82,555.81,1,1
2024-08-08,BEAC,Paiement international,4674073.74,EUR,7.38,650.51,1,1
2025-07-29,SCB,Débit,40138.45,USD,7.64,631.44,1,1
2024-09-21,Ecobank,Paiement masse salariale,3078894.58,USD,2.65,684.22,1,1
2024-12-18,Ecobank,Prélèvement fiscal,2605720.21,EUR,7.05,604.84,1,1
2024-11-03,BEAC,Paiement international,787021.36,EUR,4.77,691.85,1,1
2024-12-19,BEAC,Prélèvement fiscal,4515129.69,XAF,6.31,654.48,1,1
2025-02-02,BICEC,Débit,8843897.0,XAF,4.78,590.08,1,1
2025-05-01,BEAC,Transfert de fonds,9772104.54,USD,8.31,677.66,1,1
2024-08-30,Afriland,Paiement masse salariale,7297758.35,EUR,7.52,556.57,1,1
2024-11-23,SCB,Paiement masse salariale,5180241.92,EUR,2.43,696.03,1,1
2024-12-08,SIGMA,Virement interbancaire,7046704.93,XAF,4.36,595.72,1,1
2025-02-25,BEAC,Prélèvement fiscal,4684131.99,XAF,6.3,698.19,1,1
2025-02-12,SYSTAC,Paiement international,6654416.09,EUR,7.08,556.23,1,1
2024-12-18,SYSTAC,Transfert de fonds,2685905.83,USD,7.82,648.38,1,1
2025-04-15,SCB,Transfert de fonds,4914600.26,EUR,2.24,650.56,1,1
2025-04-06,SYSTAC,Transfert de fonds,3303946.61,USD,9.89,620.43,1,1
2025-02-12,SIGMA,Virement interbancaire,5905664.68,EUR,4.81,611.39,1,1
2025-01-31,Afriland,Crédit,1531421.81,USD,7.98,568.87,1,1
2025-04-02,SIGMA,Virement interbancaire,2090780.32,XAF,4.88,594.73,1,1
2024-09-27,SYSTAC,Crédit,1546136.27,XAF,2.99,633.22,1,1
2025-03-20,Afriland,Crédit,2565394.44,USD,5.68,587.72,1,1
2024-12-24,SYSTAC,Crédit,6833539.88,USD,8.85,653.37,1,1
2025-02-04,UBA,Prélèvement fiscal,9098877.87,USD,3.05,565.98,1,1
2024-12-18,UBA,Débit,7900968.35,USD,5.31,677.36,1,1
2024-09-10,Ecobank,Paiement international,4219000.76,XAF,3.06,583.3,1,1
2024-11-27,SCB,Crédit,243629.99,USD,2.47,573.83,0,1
2025-06-02,UBA,Prélèvement fiscal,764068.3,XAF,9.48,587.29,1,1
2025-07-10,UBA,Paiement masse salariale,2472666.24,USD,4.64,697.33,1,1
2024-11-26,SCB,Débit,2496632.44,USD,3.67,553.98,1,1
2024-10-21,UBA,Virement interbancaire,5989529.47,XAF,2.68,570.72,1,1
2025-02-24,UBA,Débit,1807895.94,USD,6.37,626.19,1,1
2025-02-16,Ecobank,Paiement masse salariale,986109.35,USD,7.81,695.04,1,1
2024-09-28,Afriland,Débit,6277766.58,USD,2.84,609.63,1,1
2025-02-27,BICEC,Règlement de titre,9854756.57,XAF,9.83,574.82,1,1
2024-12-17,SYSTAC,Paiement masse salariale,4374997.32,EUR,2.97,580.36,1,1
2025-06-12,SYSTAC,Prélèvement fiscal,5336878.34,XAF,4.49,617.01,1,1
2024-08-13,Afriland,Paiement international,898833.23,EUR,5.16,592.09,1,1
2025-02-23,SIGMA,Débit,5639862.71,XAF,7.93,558.71,1,1
2024-09-29,SIGMA,Paiement international,596629.53,USD,5.57,666.73,1,1
2025-01-24,BEAC,Prélèvement fiscal,9697873.23,EUR,7.91,620.38,1,1
2025-05-31,Afriland,Transfert de fonds,6803600.36,USD,4.23,617.4,1,1
2025-02-12,BEAC,Paiement masse salariale,2133075.85,EUR,2.58,561.04,0,1
2024-11-29,UBA,Virement interbancaire,7529243.16,USD,9.43,681.15,1,1
2024-11-07,SCB,Transfert de fonds,6338842.81,EUR,9.51,663.71,1,1
2025-06-18,BICEC,Paiement masse salariale,8582128.26,EUR,8.84,592.44,1,1
2025-05-09,SCB,Virement interbancaire,834469.08,USD,4.87,683.37,1,1
2024-08-25,SYSTAC,Prélèvement fiscal,7506587.39,USD,4.31,674.65,1,1
2025-03-24,SCB,Crédit,9001741.34,EUR,2.41,623.02,0,1
2025-03-01,SCB,Paiement masse salariale,3087546.68,XAF,4.39,595.0,1,1
2025-04-12,Ecobank,Virement interbancaire,522605.45,USD,4.93,660.44,1,1
2025-01-01,SCB,Virement interbancaire,3439149.97,XAF,2.03,595.1,1,1
2024-10-30,SYSTAC,Paiement masse salariale,5929049.35,USD,7.44,632.37,1,1
2025-06-14,SIGMA,Paiement international,8510163.27,USD,9.8,589.61,1,1
2024-09-26,BEAC,Virement interbancaire,8686063.02,EUR,6.34,588.23,1,1
2024-12-31,SCB,Débit,4968763.53,USD,8.89,581.36,1,1
2024-09-30,BICEC,Paiement international,5634103.2,XAF,9.96,697.43,1,1
2024-12-12,SIGMA,Virement interbancaire,3771488.75,XAF,5.84,671.56,1,1
2025-06-30,BICEC,Crédit,9195198.51,XAF,5.87,615.1,1,1
2025-01-02,Afriland,Paiement international,850346.09,USD,7.92,623.75,1,1
2024-09-10,BEAC,Paiement international,692852.63,USD,6.48,593.58,0,1
2025-06-24,SIGMA,Prélèvement fiscal,6015923.51,EUR,9.83,683.14,1,1
2025-04-11,Afriland,Virement interbancaire,1638755.29,EUR,9.56,617.69,1,1
2025-05-10,BEAC,Règlement de titre,2960334.88,USD,3.32,612.43,1,1
2025-06-30,BEAC,Prélèvement fiscal,2136398.57,EUR,8.45,579.34,0,1
2024-12-04,Afriland,Transfert de fonds,6958529.81,XAF,7.96,570.04,1,1
2025-04-02,BEAC,Prélèvement fiscal,5880261.35,EUR,6.55,551.42,1,1
2024-12-24,SIGMA,Règlement de titre,3254774.36,EUR,7.53,568.49,0,1
2025-02-10,Ecobank,Crédit,1403004.16,EUR,6.45,551.91,1,1
2025-01-02,SIGMA,Transfert de fonds,7426398.5,XAF,3.82,669.43,1,1
2024-09-23,Afriland,Transfert de fonds,1446015.01,USD,8.44,632.3,1,1
2024-11-10,BEAC,Règlement de titre,8621744.74,XAF,9.25,670.86,1,1
2025-02-26,SCB,Paiement international,1886862.13,USD,5.76,557.37,1,1
2024-08-04,SCB,Prélèvement fiscal,2141780.76,EUR,5.81,616.87,1,1
2025-06-17,UBA,Transfert de fonds,4044833.88,USD,5.69,589.1,1,1
2024-12-22,Afriland,Règlement de titre,1309768.09,EUR,9.01,600.43,1,1
2024-08-16,SIGMA,Débit,1382034.33,USD,2.27,558.67,1,1
2024-12-01,SCB,Crédit,6843984.77,USD,5.7,650.5,1,1
2025-06-01,SYSTAC,Paiement masse salariale,396247.14,XAF,7.82,615.05,1,1
2024-11-24,SIGMA,Paiement masse salariale,2250628.92,XAF,3.8,557.09,1,1
2025-02-12,BICEC,Paiement masse salariale,2986309.6,EUR,4.62,690.92,1,1
2025-04-21,Afriland,Crédit,3788792.12,EUR,6.0,689.16,0,1
2025-01-18,BICEC,Débit,9654161.95,USD,8.22,581.74,1,1
2024-10-02,BEAC,Paiement masse salariale,5987975.09,XAF,4.76,623.06,1,1
2025-07-19,BICEC,Transfert de fonds,3693636.2,EUR,5.91,585.41,1,1
2025-01-25,Afriland,Virement interbancaire,4626117.92,EUR,4.79,633.2,1,1
2024-08-13,Ecobank,Paiement international,8028178.97,EUR,4.12,578.06,1,1
2024-09-29,BEAC,Paiement international,9160617.17,EUR,3.26,603.89,1,1
2024-11-05,BEAC,Virement interbancaire,295397.84,EUR,2.06,620.49,0,1
2025-02-13,Afriland,Débit,5454730.34,EUR,8.1,686.65,1,1
2025-01-03,Afriland,Paiement masse salariale,3593779.6,USD,8.69,580.43,1,1
2025-06-12,Ecobank,Débit,8272719.45,USD,4.3,590.19,1,1
2024-12-09,SYSTAC,Règlement de titre,4580670.44,EUR,4.61,601.94,1,1
2024-08-18,Ecobank,Prélèvement fiscal,4185454.51,USD,2.2,665.87,1,1
2024-09-20,Afriland,Débit,1329563.26,XAF,6.54,687.16,1,1
2024-12-07,Ecobank,Transfert de fonds,2793610.06,USD,3.1,673.68,1,1
2025-03-17,SCB,Crédit,1458181.66,EUR,8.72,680.37,0,0
2025-01-11,BEAC,Paiement international,4924543.83,XAF,3.67,640.85,1,1
2025-01-31,SCB,Paiement international,6804134.23,EUR,5.16,693.61,1,1
2025-04-08,UBA,Règlement de titre,1846935.43,EUR,8.17,693.04,1,1
2024-11-30,SCB,Virement interbancaire,2321304.57,XAF,2.69,627.19,1,1
2025-04-16,SCB,Prélèvement fiscal,1292851.03,XAF,2.23,656.69,1,1
2024-08-01,BEAC,Règlement de titre,2390307.81,USD,7.63,608.52,1,1
2024-07-29,SIGMA,Crédit,2775727.21,XAF,3.0,650.57,1,1
2024-11-19,BEAC,Règlement de titre,4070124.14,USD,2.67,612.78,1,1
2024-10-24,BEAC,Règlement de titre,1869523.25,EUR,9.89,575.27,0,1
2024-10-26,SYSTAC,Paiement masse salariale,4013239.12,EUR,2.32,663.56,1,1
2024-08-02,SYSTAC,Paiement international,3337570.46,XAF,5.59,698.6,1,1
2025-07-27,SYSTAC,Paiement international,450111.75,USD,9.66,616.82,1,1
2025-04-01,Afriland,Virement interbancaire,2315424.05,XAF,6.79,624.13,1,1
2024-08-31,SYSTAC,Transfert de fonds,8602121.79,EUR,3.78,630.92,1,1
2024-08-30,BICEC,Virement interbancaire,6111394.92,EUR,5.68,640.09,0,1
2024-12-20,UBA,Prélèvement fiscal,4276096.35,USD,7.35,655.55,1,1
2025-06-06,BEAC,Prélèvement fiscal,3691458.84,USD,7.38,670.27,1,1
2025-04-21,SYSTAC,Paiement masse salariale,382728.09,EUR,6.14,577.82,1,1
2025-05-22,SCB,Débit,2506587.08,XAF,6.49,618.25,1,1
2024-08-01,SIGMA,Prélèvement fiscal,3700118.63,XAF,3.19,601.24,1,1
2024-09-08,SCB,Débit,7332455.96,XAF,9.74,648.24,1,1
2025-05-12,SIGMA,Virement interbancaire,6048306.84,XAF,8.07,562.6,1,1
2024-08-02,SCB,Débit,3434154.34,USD,2.32,634.98,1,1
2024-09-15,BICEC,Débit,2241683.99,EUR,5.74,698.28,1,1
2025-04-10,BEAC,Prélèvement fiscal,3965577.17,EUR,8.36,601.48,1,1
2024-08-19,BEAC,Règlement de titre,9315870.72,XAF,9.48,639.49,1,1
2025-05-30,BEAC,Transfert de fonds,4947071.04,EUR,4.79,651.98,1,1
2024-09-04,Afriland,Crédit,6454342.25,USD,5.41,686.77,1,1
2025-01-11,SIGMA,Paiement international,5801842.5,EUR,6.47,618.14,1,1
2025-01-29,Ecobank,Prélèvement fiscal,7233176.25,EUR,6.64,612.48,1,1
2025-01-02,UBA,Virement interbancaire,3542084.59,EUR,8.76,583.58,1,1
2024-07-29,SCB,Débit,62272.45,XAF,2.17,629.69,1,1
2025-02-13,SYSTAC,Transfert de fonds,1165837.27,USD,5.62,599.78,1,1
2025-04-16,Ecobank,Prélèvement fiscal,1093945.86,USD,9.74,683.44,1,1
2025-02-08,UBA,Paiement international,7963057.15,USD,4.89,651.9,1,1
2025-01-01,BEAC,Paiement international,8589545.44,EUR,8.81,615.24,1,1
2025-02-26,Afriland,Paiement masse salariale,3023045.73,EUR,8.54,632.99,1,1
2025-07-28,BICEC,Virement interbancaire,9622827.3,USD,5.51,556.87,1,1
2024-08-15,UBA,Débit,5442408.97,XAF,3.53,552.73,1,1
2024-10-17,UBA,Crédit,4017025.63,EUR,8.38,550.44,1,1
2025-04-15,Ecobank,Transfert de fonds,8833192.68,EUR,6.3,557.59,1,1
2024-12-21,SCB,Débit,4889177.44,EUR,7.36,550.41,1,1
2025-05-19,Ecobank,Paiement international,1925402.22,USD,5.22,609.76,1,1
2025-06-18,UBA,Débit,5127299.13,USD,2.54,674.82,1,1
2025-02-06,SIGMA,Virement interbancaire,3729889.72,XAF,8.96,621.58,1,1
2024-09-21,SCB,Transfert de fonds,6300853.5,XAF,8.44,558.28,0,1
2024-11-19,UBA,Virement interbancaire,1350107.14,EUR,6.27,631.89,0,1
2025-05-12,BICEC,Paiement international,1786295.38,USD,8.34,583.38,0,1
2025-03-12,SYSTAC,Paiement international,8013230.51,EUR,8.23,644.85,1,1
2025-06-04,UBA,Paiement international,8447488.69,USD,5.05,567.52,1,1
2025-05-26,SCB,Crédit,1686034.21,EUR,9.11,655.19,1,1
2025-02-08,UBA,Paiement masse salariale,8621895.81,XAF,7.8,597.3,1,1
2024-12-05,BEAC,Crédit,6528894.44,XAF,7.73,612.18,1,1
2024-10-11,SYSTAC,Prélèvement fiscal,4432296.12,XAF,6.01,630.28,1,1
2025-01-26,SYSTAC,Transfert de fonds,4306480.94,XAF,2.26,579.92,1,1
2025-03-19,SYSTAC,Transfert de fonds,9034215.26,XAF,4.06,598.94,1,1
2025-07-12,BICEC,Paiement international,8163908.85,XAF,5.52,569.8,1,1
2024-11-17,BICEC,Débit,8380175.27,EUR,3.3,659.91,1,1
2025-05-06,Afriland,Paiement masse salariale,8449090.9,EUR,8.94,555.17,1,1
2025-04-15,Ecobank,Crédit,6288770.22,XAF,9.93,593.58,1,1
2025-03-30,Afriland,Crédit,806006.76,EUR,9.68,637.98,1,1
2025-03-31,SYSTAC,Débit,9482589.16,XAF,9.14,681.58,1,1
2025-04-07,Ecobank,Prélèvement fiscal,4167731.34,USD,4.8,652.42,1,1
2025-03-10,SYSTAC,Paiement international,7886080.58,EUR,4.62,560.6,0,1
2025-06-13,BICEC,Virement interbancaire,1754996.35,EUR,9.48,610.18,1,1
2024-08-18,Afriland,Crédit,8384215.5,XAF,2.34,627.6,1,1
2024-10-07,UBA,Crédit,9499587.27,EUR,9.13,640.05,1,1
2025-01-16,SIGMA,Règlement de titre,4797084.22,USD,6.9,609.33,1,1
2024-10-06,SYSTAC,Crédit,6799713.43,USD,6.31,670.92,1,1
2024-08-27,SCB,Crédit,6897171.7,USD,2.77,628.94,1,1
2024-08-12,Ecobank,Virement interbancaire,6535633.17,USD,6.46,655.14,1,1
2025-06-04,Ecobank,Prélèvement fiscal,4529816.39,XAF,8.41,617.23,1,1
2025-04-27,SYSTAC,Crédit,3062851.23,USD,9.31,600.26,0,1
2024-10-07,UBA,Paiement international,9604179.95,EUR,5.88,652.51,0,1
2025-01-02,BEAC,Crédit,3909545.63,XAF,7.9,578.52,1,1
2025-02-24,SYSTAC,Virement interbancaire,5185519.28,XAF,5.19,695.62,1,1
2024-11-21,SIGMA,Crédit,2055053.34,XAF,3.53,647.54,1,1
2025-06-06,SYSTAC,Règlement de titre,1056094.4,USD,6.23,608.74,1,1
2024-08-31,BEAC,Débit,8318857.73,USD,5.6,656.88,1,1
2024-10-03,SCB,Virement interbancaire,8628954.64,USD,9.92,676.63,1,1
2025-07-28,UBA,Paiement international,6340791.25,USD,4.74,699.22,1,1
2024-08-11,BICEC,Paiement masse salariale,7921951.74,XAF,2.97,639.41,1,1
2024-08-03,UBA,Virement interbancaire,5592793.5,XAF,6.61,613.19,1,1
2024-08-02,SCB,Crédit,3989040.8,XAF,4.09,690.42,1,1
2024-09-02,Afriland,Débit,1279485.5,EUR,3.61,644.14,1,1
2025-02-11,Afriland,Paiement masse salariale,2987904.72,XAF,2.17,553.49,1,1
2025-03-09,BICEC,Règlement de titre,8730967.28,USD,9.46,684.53,1,1
2024-11-07,BEAC,Règlement de titre,2597252.55,USD,5.91,639.14,1,1
2024-12-01,BEAC,Virement interbancaire,9121045.06,XAF,5.72,663.04,0,1
2024-08-01,BICEC,Virement interbancaire,3031408.66,EUR,9.02,628.87,1,1
2024-09-19,Afriland,Prélèvement fiscal,1011797.28,EUR,5.41,654.69,1,1
2025-06-09,SYSTAC,Prélèvement fiscal,2172262.03,XAF,4.35,588.74,0,1
2024-12-20,BEAC,Débit,7957961.94,EUR,9.77,664.99,1,1
2025-05-25,BEAC,Crédit,9848154.07,USD,3.21,625.31,1,1
2025-07-20,SCB,Crédit,1737171.26,XAF,2.32,697.05,1,1
2024-11-15,UBA,Paiement masse salariale,3215323.97,XAF,7.19,552.58,1,1
2024-10-19,SYSTAC,Paiement international,7441293.46,USD,8.02,569.23,1,1
2024-11-30,Afriland,Crédit,5998109.39,USD,3.88,662.77,1,1
2025-05-21,SIGMA,Transfert de fonds,2197426.2,XAF,3.91,576.08,1,1
2025-03-09,BICEC,Débit,9064785.72,XAF,9.03,690.41,1,1
2025-07-29,Ecobank,Paiement international,2969112.63,XAF,5.54,670.62,1,1
2025-07-18,SCB,Paiement international,9688813.27,EUR,2.39,592.97,1,1
2025-02-23,SCB,Prélèvement fiscal,4373380.35,EUR,4.69,575.42,1,1
2025-04-25,SYSTAC,Prélèvement fiscal,1008187.41,USD,2.03,696.95,1,1
2025-06-03,BICEC,Paiement international,7708687.89,USD,2.25,648.12,0,1
2024-11-21,UBA,Débit,7407102.03,XAF,5.7,551.54,1,1
2025-06-21,SYSTAC,Transfert de fonds,9050501.21,USD,5.24,636.71,1,1
2024-08-24,BICEC,Virement interbancaire,8670235.63,EUR,7.97,689.96,1,1
2025-06-08,Ecobank,Débit,9103927.83,EUR,7.51,620.4,1,1
2024-09-11,BICEC,Règlement de titre,3954216.15,XAF,7.25,626.6,1,1
2025-07-10,Ecobank,Prélèvement fiscal,7427615.1,XAF,5.35,640.9,1,1
2025-05-22,SCB,Règlement de titre,3290078.77,XAF,6.23,600.06,1,1
2024-12-16,UBA,Transfert de fonds,4404794.05,USD,2.26,663.04,1,1
2024-10-23,SYSTAC,Virement interbancaire,5758476.13,EUR,9.28,652.69,1,1
2025-07-21,SYSTAC,Débit,1662303.19,EUR,3.83,671.13,1,1
2024-08-15,Ecobank,Crédit,7533798.91,EUR,9.76,578.25,1,1
2025-06-12,SIGMA,Virement interbancaire,5638773.38,XAF,2.2,641.81,1,1
2025-06-26,SYSTAC,Virement interbancaire,1246789.12,EUR,9.65,691.0,1,1
2024-10-17,SYSTAC,Paiement masse salariale,5240431.13,EUR,3.33,629.92,1,1
2025-06-28,SCB,Paiement international,9006708.9,XAF,5.7,654.59,1,1
2025-06-03,SCB,Paiement international,7247161.04,EUR,5.33,694.11,1,1
2024-11-16,UBA,Règlement de titre,1546062.45,XAF,8.06,607.48,1,1
2025-07-02,Ecobank,Transfert de fonds,5558461.19,USD,5.1,677.46,1,1
2025-06-17,BEAC,Virement interbancaire,6174202.94,XAF,4.03,659.17,1,1
2025-06-22,Afriland,Paiement masse salariale,9504402.02,XAF,8.73,672.84,1,1
2024-11-05,UBA,Débit,1365072.88,USD,6.22,621.11,1,1
2024-10-23,SCB,Paiement international,3130847.17,EUR,8.24,603.67,1,1
2024-11-09,SIGMA,Débit,55839.76,USD,5.96,693.99,1,1
2025-07-03,SIGMA,Débit,7659077.27,XAF,6.86,672.71,1,1
2025-03-17,Afriland,Paiement masse salariale,4296300.56,XAF,7.87,583.3,1,1
2025-07-04,UBA,Règlement de titre,2193.52,USD,5.43,646.8,1,1
2025-01-28,SCB,Crédit,6340104.73,XAF,3.69,556.5,0,1
2025-05-18,BICEC,Paiement masse salariale,3091402.78,EUR,5.17,678.56,1,1
2025-04-10,Afriland,Virement interbancaire,3981996.45,USD,6.78,601.6,1,1
2025-07-19,UBA,Paiement international,7862098.92,EUR,7.22,560.44,1,1
2024-12-23,SYSTAC,Virement interbancaire,9932693.25,XAF,3.82,555.64,1,1
2025-04-04,SIGMA,Règlement de titre,9743946.26,EUR,6.35,670.81,1,1
2025-02-07,BEAC,Paiement international,3909004.93,EUR,9.53,664.7,1,1
2024-09-03,SYSTAC,Paiement masse salariale,3478626.07,USD,4.25,621.04,1,1
2025-04-17,Afriland,Virement interbancaire,7562755.73,USD,9.77,561.97,1,1
2024-08-18,SIGMA,Virement interbancaire,2992234.79,EUR,6.64,699.12,1,1
2025-02-14,UBA,Débit,2704489.98,XAF,5.97,621.03,1,1
2025-06-24,SIGMA,Virement interbancaire,6125118.58,EUR,4.64,665.04,1,1
2025-05-15,SCB,Paiement masse salariale,9437759.69,XAF,8.18,684.23,1,1
2024-09-03,UBA,Prélèvement fiscal,8187567.35,XAF,4.57,621.3,1,1
2025-03-08,UBA,Débit,8486798.56,USD,5.87,644.86,1,1
2024-09-26,Ecobank,Prélèvement fiscal,1473298.58,EUR,7.37,619.34,1,1
2024-10-19,UBA,Paiement international,3475575.33,EUR,4.77,567.39,1,1
2024-10-03,Afriland,Transfert de fonds,4446148.24,XAF,3.91,553.52,1,1
2024-09-13,BICEC,Paiement masse salariale,4446477.53,USD,7.74,590.77,1,1
2025-01-11,Ecobank,Crédit,3370332.77,EUR,6.75,620.98,1,1
2025-04-23,SYSTAC,Virement interbancaire,1919367.31,XAF,8.43,687.63,1,1
2025-01-29,Afriland,Virement interbancaire,5805652.52,EUR,8.66,585.73,1,1
2024-10-21,SIGMA,Prélèvement fiscal,2418401.66,USD,8.76,615.55,1,1
2025-06-16,Ecobank,Crédit,5140325.75,USD,5.38,640.93,1,1
2025-07-01,BICEC,Crédit,8529213.48,USD,4.45,616.56,1,1
2025-03-04,BICEC,Virement interbancaire,5467676.59,EUR,7.53,652.2,0,1
2025-05-16,Ecobank,Transfert de fonds,1341507.04,XAF,7.61,662.28,1,1
2025-04-26,SYSTAC,Crédit,6127498.52,USD,8.1,576.79,1,1
2024-10-07,BICEC,Prélèvement fiscal,7425607.8,EUR,6.9,578.89,1,1
2024-08-23,SCB,Paiement international,6841225.57,EUR,4.82,563.84,1,1
2025-05-29,Ecobank,Virement interbancaire,2548843.48,EUR,9.55,624.75,1,1
2024-10-09,UBA,Transfert de fonds,3123888.88,XAF,9.69,575.8,1,1
2025-01-09,SIGMA,Débit,2011757.93,XAF,5.12,616.35,1,1
2025-06-05,Ecobank,Paiement masse salariale,544751.34,XAF,8.11,691.12,1,1
2024-11-09,Ecobank,Règlement de titre,6697563.43,XAF,2.47,667.02,1,1
2025-01-21,BICEC,Règlement de titre,1267194.38,USD,7.93,672.45,0,0
2024-08-22,Ecobank,Débit,8864482.45,XAF,2.97,598.6,1,1
2024-12-21,SIGMA,Virement interbancaire,662069.87,EUR,2.89,649.14,1,1
2025-03-13,SYSTAC,Prélèvement fiscal,2193260.72,EUR,7.16,655.87,1,1
2025-03-18,BEAC,Prélèvement fiscal,3653639.35,EUR,2.11,589.91,1,1
2025-01-20,SCB,Paiement international,9963342.89,EUR,3.62,696.28,1,1
2025-01-19,Afriland,Paiement masse salariale,4170290.26,EUR,2.86,673.45,1,1
2025-05-28,SIGMA,Transfert de fonds,6067518.55,EUR,5.93,606.46,1,1
2025-07-09,BICEC,Virement interbancaire,6427200.21,XAF,3.49,614.92,1,1
2025-01-13,SCB,Débit,1470730.33,USD,9.1,662.21,1,1
2024-09-15,SIGMA,Crédit,8791939.92,USD,8.3,572.29,1,1
2025-04-24,BICEC,Débit,2416055.24,EUR,5.97,565.7,1,1
2025-02-10,SYSTAC,Paiement masse salariale,7258725.3,XAF,2.2,671.37,1,1
2025-06-22,SCB,Paiement international,2895350.86,EUR,6.11,649.89,0,1
2025-05-19,BEAC,Paiement international,3349429.93,EUR,4.87,592.26,1,1
2024-08-24,SYSTAC,Débit,5937324.56,XAF,9.64,593.38,1,1
2024-12-20,UBA,Prélèvement fiscal,7254656.31,XAF,6.39,582.26,1,1
2024-11-18,BICEC,Transfert de fonds,7057837.46,USD,2.02,681.43,1,1
2024-11-01,Afriland,Paiement masse salariale,9876029.58,XAF,9.34,661.31,1,1
2024-12-24,UBA,Transfert de fonds,4106352.5,EUR,2.73,604.69,1,1
2025-05-06,BICEC,Paiement masse salariale,4715803.92,XAF,9.0,691.79,0,0
2024-09-18,SIGMA,Virement interbancaire,3141650.23,USD,4.74,592.45,1,1
2025-05-16,BEAC,Virement interbancaire,5079267.58,EUR,8.89,624.41,0,1
2025-04-25,BEAC,Paiement masse salariale,3142907.94,USD,5.56,682.62,1,1
2024-12-05,SIGMA,Prélèvement fiscal,5717693.84,XAF,2.94,616.37,1,1
2024-10-21,UBA,Virement interbancaire,7855737.86,EUR,9.01,656.86,1,1
2024-08-11,SIGMA,Transfert de fonds,6022541.4,EUR,4.25,692.74,1,1
2025-02-12,SYSTAC,Règlement de titre,454764.12,EUR,5.31,575.89,1,1
2024-09-20,SIGMA,Paiement masse salariale,4369570.91,EUR,2.23,578.66,1,1
2024-12-01,Afriland,Transfert de fonds,3463622.95,XAF,9.1,583.84,1,1
2025-06-27,BEAC,Crédit,7493521.36,XAF,5.27,658.0,1,1
2024-09-18,Ecobank,Virement interbancaire,212759.27,USD,2.44,642.19,1,1
2025-07-14,Ecobank,Transfert de fonds,2526325.13,USD,8.03,660.99,1,1
2024-12-13,Afriland,Débit,132624.48,EUR,2.28,667.72,1,1
2024-11-21,BEAC,Crédit,2706351.63,EUR,4.41,618.46,1,1
2024-08-29,UBA,Paiement masse salariale,5482249.93,EUR,4.45,567.86,1,1
2024-08-30,UBA,Transfert de fonds,7295224.92,USD,5.74,626.23,1,1
2025-01-12,UBA,Débit,9921572.33,EUR,4.85,582.9,1,1
2025-07-13,Afriland,Crédit,9792136.32,XAF,9.78,607.22,1,1
2025-05-13,UBA,Paiement masse salariale,1386073.0,USD,9.25,605.97,1,1
2025-01-18,BEAC,Paiement masse salariale,4470277.09,XAF,8.8,617.43,1,1
2025-07-25,UBA,Règlement de titre,6812750.14,USD,10.0,557.96,1,1
2025-01-09,SYSTAC,Débit,8939783.19,USD,3.23,646.83,1,1
2025-04-21,SIGMA,Crédit,2864890.76,USD,3.12,571.82,1,1
2024-12-23,UBA,Transfert de fonds,4410778.72,USD,8.14,628.05,1,1
2025-05-07,BICEC,Transfert de fonds,1899013.32,XAF,6.38,663.9,1,1
2024-11-13,Afriland,Règlement de titre,3509633.34,XAF,4.83,550.17,1,1
2024-08-17,BEAC,Règlement de titre,1840962.94,EUR,8.84,622.09,0,1
2024-11-20,SYSTAC,Crédit,1845996.57,EUR,8.64,567.78,1,1
2024-09-02,SIGMA,Transfert de fonds,1062613.57,XAF,5.47,561.69,1,1
2025-01-20,BEAC,Virement interbancaire,6751306.74,USD,3.56,655.5,1,1
2024-10-29,Afriland,Prélèvement fiscal,9491534.76,XAF,6.95,558.92,0,1
2024-10-24,Ecobank,Règlement de titre,1090630.02,XAF,9.31,598.89,1,1
2025-04-24,SCB,Virement interbancaire,4607083.65,EUR,9.22,643.43,1,1
2025-04-06,SCB,Règlement de titre,1385963.6,XAF,3.72,580.74,1,1
2025-01-19,SCB,Crédit,4389931.18,EUR,7.77,603.21,1,1
2025-01-15,BEAC,Paiement international,8762228.4,EUR,9.48,637.54,1,1
2024-11-29,Ecobank,Virement interbancaire,3508399.84,USD,5.55,651.6,1,1
2025-02-19,SYSTAC,Paiement international,3204823.72,XAF,5.72,673.43,1,1
2025-07-10,SCB,Crédit,4935186.51,EUR,9.96,620.26,0,1
2024-12-04,UBA,Crédit,8965636.93,EUR,5.97,579.88,1,1
2025-02-17,UBA,Virement interbancaire,9354131.58,EUR,7.29,619.97,1,1
2025-03-29,BICEC,Prélèvement fiscal,3672536.93,XAF,3.03,692.61,1,1
2025-05-04,SCB,Prélèvement fiscal,6285719.65,EUR,4.34,695.61,1,1
2025-07-22,SCB,Paiement masse salariale,5099910.69,USD,7.98,566.29,1,1
2025-04-15,SYSTAC,Transfert de fonds,317251.0,USD,3.07,601.11,1,1
2025-01-30,BICEC,Crédit,3108457.96,USD,7.58,686.08,1,1
2025-04-08,BEAC,Prélèvement fiscal,2039476.22,XAF,9.04,611.61,1,1
2025-05-08,SCB,Virement interbancaire,5903497.26,XAF,8.51,566.79,1,1
2024-10-09,SYSTAC,Crédit,5490156.67,EUR,2.6,572.11,1,1
2025-07-01,SYSTAC,Prélèvement fiscal,2587469.82,XAF,3.35,648.67,1,1
2025-07-17,SCB,Débit,8253626.03,XAF,2.58,588.65,1,1
2025-03-01,SIGMA,Virement interbancaire,5731917.75,EUR,5.3,566.38,1,1
2024-12-06,Ecobank,Transfert de fonds,4884725.45,USD,6.4,584.12,1,1
2025-02-23,BICEC,Débit,6213160.84,XAF,7.94,591.0,1,1
2025-07-03,SCB,Virement interbancaire,4944710.94,XAF,6.88,566.96,1,1
2025-05-25,Ecobank,Règlement de titre,4314171.32,EUR,4.45,639.09,1,1
2024-09-05,Ecobank,Crédit,3651137.92,EUR,9.88,590.08,1,1
2024-08-02,Ecobank,Prélèvement fiscal,6582206.16,XAF,3.83,602.33,1,1
2025-01-08,SCB,Virement interbancaire,3000019.43,USD,9.1,659.56,1,1
2025-05-07,SIGMA,Transfert de fonds,426276.25,EUR,4.86,609.94,1,1
2025-05-05,BEAC,Paiement international,2532963.21,EUR,4.06,642.56,0,1
2025-04-08,UBA,Paiement international,9062816.63,EUR,4.17,638.52,1,1
2024-12-05,Ecobank,Transfert de fonds,9207648.81,XAF,4.07,617.23,1,1
2025-06-09,SYSTAC,Débit,239525.9,XAF,6.0,678.3,0,1
2025-02-13,Afriland,Paiement international,7587196.84,EUR,3.79,632.96,1,1
2024-12-01,Afriland,Virement interbancaire,7539245.21,USD,9.13,585.67,1,1
2024-09-03,BICEC,Transfert de fonds,6264505.49,XAF,5.07,629.99,1,1
2024-11-17,BEAC,Paiement international,1743056.87,EUR,4.43,687.59,1,1
2025-05-10,Ecobank,Prélèvement fiscal,1794009.79,EUR,6.44,653.47,1,1
2025-03-14,BICEC,Paiement international,9873512.47,USD,9.03,683.63,1,1
2025-05-08,BEAC,Crédit,3852129.45,EUR,8.54,696.73,1,1
2025-02-12,UBA,Règlement de titre,1150563.75,XAF,2.87,588.04,0,1
2025-04-11,SCB,Crédit,4348866.2,XAF,8.38,695.11,1,1
2024-09-08,Afriland,Paiement international,3228338.31,USD,3.16,699.95,1,1
2024-08-25,Afriland,Règlement de titre,3954407.03,XAF,8.54,634.37,1,1
2025-06-27,Ecobank,Règlement de titre,8759672.29,USD,3.37,631.89,1,1
2025-02-13,SIGMA,Virement interbancaire,1703315.64,USD,2.07,699.65,0,1
2025-06-21,BEAC,Crédit,2875107.46,USD,2.26,573.38,1,1
2025-02-08,SIGMA,Paiement masse salariale,3696487.18,XAF,9.71,656.35,1,1
2024-11-16,UBA,Crédit,96146.7,XAF,7.45,689.0,1,1
2025-05-05,BEAC,Virement interbancaire,3378102.72,XAF,4.03,558.68,1,1
2025-07-09,BICEC,Crédit,2955003.33,EUR,9.84,641.41,1,1
2025-03-11,SCB,Paiement international,2407538.17,EUR,3.8,687.95,1,1
2024-11-14,Ecobank,Débit,8563987.84,XAF,5.94,578.18,1,1
2025-02-16,SCB,Paiement masse salariale,5047709.37,USD,6.09,558.65,1,1
2024-08-23,Ecobank,Paiement masse salariale,7065833.27,XAF,6.96,607.24,1,1
2024-11-28,SYSTAC,Crédit,8480032.16,XAF,4.91,584.72,1,1
2025-02-15,Afriland,Règlement de titre,8640643.05,XAF,7.6,652.29,1,1
2024-08-21,SYSTAC,Débit,3817152.94,XAF,2.66,592.84,1,1
2024-10-28,BEAC,Prélèvement fiscal,9627561.96,XAF,9.88,592.53,1,1
2025-06-04,SCB,Règlement de titre,8180082.83,EUR,4.09,629.84,1,1
2025-02-06,UBA,Virement interbancaire,1197411.74,EUR,2.7,658.66,1,1
2024-08-02,SCB,Règlement de titre,7388591.41,XAF,2.23,644.18,0,1
2025-03-15,SYSTAC,Transfert de fonds,8158826.63,EUR,3.88,692.37,1,1
2025-05-21,SCB,Crédit,4358506.07,USD,8.49,589.18,1,1
2025-06-05,Ecobank,Règlement de titre,4998718.27,XAF,8.88,612.58,1,1
2025-03-03,BEAC,Virement interbancaire,2418561.42,XAF,2.35,662.27,1,1
2024-08-27,SIGMA,Règlement de titre,2709954.52,EUR,7.78,613.38,1,1
2024-10-20,BEAC,Paiement masse salariale,5153021.84,EUR,4.6,563.35,1,1
2025-03-05,BICEC,Crédit,6443006.01,XAF,7.43,663.0,1,1
2025-03-01,BEAC,Règlement de titre,1707111.81,XAF,3.74,697.15,1,1
2024-10-25,BICEC,Paiement masse salariale,2386966.65,USD,4.59,675.0,1,1
2024-12-25,SCB,Règlement de titre,9548291.1,USD,2.74,566.69,1,1
2025-04-28,BICEC,Virement interbancaire,4154419.31,XAF,9.14,614.07,1,1
2025-07-11,UBA,Prélèvement fiscal,6733433.04,USD,3.36,584.44,0,1
2025-01-18,BICEC,Prélèvement fiscal,9992712.27,USD,8.47,640.92,1,1
2024-11-03,UBA,Règlement de titre,9253046.13,EUR,9.56,609.16,1,1
2025-04-10,BEAC,Transfert de fonds,3973407.01,XAF,6.84,617.78,1,1
2025-02-13,SCB,Transfert de fonds,5174726.61,USD,4.27,595.15,1,1
2024-08-02,SYSTAC,Paiement international,4096459.52,EUR,2.31,579.94,0,1
2024-08-24,SCB,Paiement international,4658147.68,USD,5.52,615.55,1,1
2024-12-15,SIGMA,Transfert de fonds,2203495.51,USD,2.53,601.23,1,1
2024-09-08,BICEC,Crédit,7756536.06,XAF,2.4,655.04,1,1
2025-02-05,SCB,Débit,7758784.68,USD,8.7,573.78,1,1
2024-08-11,Ecobank,Crédit,9893327.69,XAF,8.37,578.16,1,1
2025-03-25,BICEC,Paiement masse salariale,3028276.43,USD,3.92,610.42,1,1
2025-05-04,BEAC,Prélèvement fiscal,2396583.96,EUR,5.61,616.51,1,1
2024-10-07,Ecobank,Paiement international,1447015.29,EUR,3.15,642.28,1,1
2024-11-18,Afriland,Débit,4099938.0,USD,5.74,656.68,1,1
2025-07-21,Ecobank,Crédit,4932372.31,USD,5.78,696.9,1,1
2024-12-24,UBA,Virement interbancaire,7486894.86,USD,4.44,556.9,1,1
2025-05-24,SCB,Crédit,944148.24,USD,9.86,686.63,1,1
2025-07-21,SCB,Règlement de titre,6159185.43,XAF,6.86,642.38,1,1
2025-01-09,UBA,Virement interbancaire,7240036.44,USD,5.26,553.26,1,1
2025-04-30,Afriland,Règlement de titre,6635545.86,USD,6.61,662.38,1,1
2024-12-09,UBA,Prélèvement fiscal,2899457.72,XAF,9.66,646.23,1,1
2024-11-10,Afriland,Virement interbancaire,8911403.2,XAF,2.83,690.69,1,1
2025-07-05,BICEC,Transfert de fonds,7671999.18,XAF,6.82,570.5,1,1
2025-03-21,SIGMA,Transfert de fonds,4875384.87,USD,9.09,660.97,1,1
2025-02-12,UBA,Paiement masse salariale,7768959.42,USD,4.42,671.74,1,1
2024-09-07,Afriland,Transfert de fonds,4097122.02,XAF,9.22,592.78,1,1
2024-12-25,Ecobank,Paiement international,4952437.19,EUR,4.43,592.43,1,1
2025-05-28,SCB,Virement interbancaire,9503725.76,EUR,6.01,572.06,1,1
2024-12-08,SIGMA,Règlement de titre,2527917.14,USD,2.71,565.2,1,1
2025-03-22,SIGMA,Débit,466832.46,XAF,4.56,635.84,1,1
2025-04-16,UBA,Règlement de titre,5894269.71,USD,5.36,670.3,1,1
2024-12-26,SYSTAC,Transfert de fonds,8950761.77,USD,4.08,575.92,1,1
2024-09-01,UBA,Paiement masse salariale,7750909.45,USD,3.16,585.59,1,1
2024-10-10,SCB,Règlement de titre,833766.01,XAF,5.07,651.62,1,1
2024-08-16,SCB,Règlement de titre,991172.62,EUR,8.67,666.11,1,1
2025-04-21,BEAC,Transfert de fonds,8558784.51,EUR,6.5,686.95,0,1
2025-07-25,SCB,Virement interbancaire,7595330.23,EUR,3.22,627.86,1,1
2025-01-13,BEAC,Virement interbancaire,4325287.54,USD,3.92,664.55,1,1
2024-09-01,UBA,Transfert de fonds,962213.49,XAF,7.94,582.96,1,1
2025-05-27,Ecobank,Crédit,1864492.0,XAF,5.18,699.44,1,1
2025-07-02,Ecobank,Paiement masse salariale,8434347.78,EUR,6.09,593.56,1,1
2025-01-30,BICEC,Paiement masse salariale,7580697.9,XAF,5.75,648.97,1,1
2024-11-01,BEAC,Crédit,2420685.67,XAF,2.38,642.49,1,1
2024-09-06,UBA,Débit,557763.86,XAF,2.43,655.1,1,1
2024-12-04,BICEC,Crédit,7117453.54,EUR,6.18,639.41,1,1
2025-03-26,Ecobank,Crédit,2574675.89,XAF,2.13,667.23,1,1
2025-06-27,Afriland,Règlement de titre,9137193.37,EUR,3.91,654.75,1,1
2024-12-28,SYSTAC,Virement interbancaire,6100417.13,USD,5.54,670.2,1,1
2024-09-16,BICEC,Virement interbancaire,3583723.62,USD,5.24,569.19,1,1
2025-07-26,UBA,Virement interbancaire,2219268.14,EUR,6.21,585.86,1,1
2024-10-31,SCB,Crédit,7895466.37,EUR,8.93,607.57,1,1
2024-08-16,UBA,Virement interbancaire,2474694.5,USD,5.89,650.9,1,1
2024-08-05,BICEC,Prélèvement fiscal,607787.1,XAF,3.45,641.87,1,1
2025-07-20,BEAC,Crédit,100126.16,EUR,8.69,663.5,1,1
2025-02-04,UBA,Débit,6172847.42,USD,8.16,649.27,1,1
2025-03-04,SYSTAC,Transfert de fonds,1876784.8,XAF,6.08,587.45,1,1
2025-05-21,SIGMA,Virement interbancaire,2974404.27,USD,7.03,618.53,0,1
2025-01-02,SYSTAC,Paiement international,3646934.42,USD,4.51,699.28,1,1
2025-03-27,SYSTAC,Prélèvement fiscal,4461974.98,EUR,5.12,598.25,1,1
2025-01-02,SYSTAC,Paiement international,6159359.32,USD,4.2,561.9,1,1
2025-05-11,SIGMA,Débit,8108104.55,USD,2.84,594.69,1,1
2025-01-20,Afriland,Virement interbancaire,8891044.89,USD,2.78,663.62,0,1
2025-03-22,UBA,Virement interbancaire,2539788.16,USD,5.17,592.94,1,1
2025-07-26,UBA,Paiement international,429333.83,EUR,5.39,562.24,1,1
2025-01-22,SCB,Débit,300867.53,XAF,9.78,636.37,1,1
2025-06-20,SCB,Prélèvement fiscal,2309860.14,USD,4.72,640.46,1,1
2025-02-16,BICEC,Paiement masse salariale,8576088.81,USD,6.03,600.47,1,1
2025-03-04,BICEC,Virement interbancaire,5403256.44,EUR,5.89,569.26,1,1
2025-03-13,SCB,Paiement masse salariale,7083041.32,EUR,9.47,556.41,0,1
2025-07-19,SCB,Débit,6738350.41,EUR,3.07,681.58,1,1
2024-10-31,Ecobank,Virement interbancaire,8484802.67,EUR,8.16,655.5,1,1
2024-10-01,SIGMA,Transfert de fonds,5386326.86,EUR,2.39,551.1,1,1
2025-05-14,SYSTAC,Transfert de fonds,2824537.54,XAF,5.02,604.64,0,1
2024-09-06,SIGMA,Prélèvement fiscal,2496688.75,XAF,8.46,615.08,1,1
2025-03-17,BEAC,Débit,1432658.81,USD,4.3,665.51,1,1
2025-04-01,SCB,Paiement masse salariale,1669082.55,XAF,8.36,639.91,1,1
2024-10-25,SIGMA,Paiement international,9927904.51,EUR,2.25,583.86,1,1
2025-04-06,BICEC,Règlement de titre,875050.99,USD,8.69,599.63,1,1
2025-06-10,SYSTAC,Crédit,9576272.56,USD,2.17,681.67,1,1
2024-08-21,SIGMA,Virement interbancaire,7045759.2,USD,9.22,611.15,1,1
2025-02-18,UBA,Prélèvement fiscal,3527849.96,XAF,5.31,642.48,1,1
2025-03-23,SCB,Transfert de fonds,7634110.84,USD,6.25,566.76,1,1
2025-03-30,Ecobank,Règlement de titre,8056911.72,USD,4.48,610.17,1,1
2025-04-04,BEAC,Virement interbancaire,5386725.58,XAF,5.92,625.84,1,1
2024-11-01,BICEC,Paiement masse salariale,8853774.34,EUR,4.53,556.0,1,1
2025-07-19,Ecobank,Crédit,4103514.1,USD,6.43,644.17,1,1
2024-08-12,Afriland,Débit,5615461.19,USD,3.97,664.56,0,1
2024-09-10,UBA,Transfert de fonds,681713.55,XAF,3.8,618.07,1,1
2024-12-08,Ecobank,Virement interbancaire,378543.3,USD,7.03,628.18,1,1
2025-03-18,Afriland,Transfert de fonds,4921119.71,XAF,2.52,639.12,1,1
2024-09-08,SYSTAC,Paiement international,7697906.94,USD,4.62,657.58,1,1
2025-03-05,BICEC,Virement interbancaire,6424843.88,USD,2.93,647.14,1,1
2024-10-14,Ecobank,Règlement de titre,6221537.9,XAF,3.67,589.64,1,1
2025-03-14,SYSTAC,Virement interbancaire,1222258.28,EUR,4.55,669.51,1,1
2024-11-27,SYSTAC,Débit,3375619.37,EUR,9.12,691.79,0,0
2025-06-14,Afriland,Débit,5686172.94,USD,6.13,631.37,1,1
2025-06-30,Ecobank,Paiement international,6741837.68,USD,8.83,637.02,1,1
2025-06-30,BICEC,Règlement de titre,1703966.91,USD,2.48,697.53,1,1
2024-12-21,BICEC,Paiement masse salariale,2344368.35,USD,4.97,584.03,1,1
2024-10-13,BICEC,Transfert de fonds,289013.68,EUR,8.72,583.92,1,1
2025-01-18,SYSTAC,Prélèvement fiscal,1182858.31,EUR,7.59,661.63,1,1
2024-12-29,Afriland,Paiement masse salariale,3133901.76,XAF,4.24,695.57,1,1
2025-03-03,Afriland,Paiement masse salariale,6927229.54,EUR,2.37,601.25,1,1
2024-10-06,BEAC,Virement interbancaire,9149803.69,EUR,8.17,646.73,1,1
2025-04-15,SYSTAC,Paiement international,6808730.95,XAF,9.75,645.11,1,1
2024-12-16,Afriland,Règlement de titre,9544824.68,XAF,3.25,694.68,1,1
2025-05-19,BICEC,Débit,9716716.63,EUR,4.96,669.87,1,1
2024-11-01,SCB,Paiement international,3286906.44,EUR,3.29,614.93,1,1
2025-02-17,BEAC,Débit,6948940.19,EUR,3.89,610.71,1,1
2025-03-28,BEAC,Paiement international,7487348.36,USD,7.24,630.72,1,1
2024-12-21,SYSTAC,Virement interbancaire,9718219.74,USD,7.48,585.66,1,1
2024-10-28,BICEC,Règlement de titre,2952685.78,USD,4.95,580.65,1,1
2024-08-06,SCB,Transfert de fonds,3261913.76,USD,4.71,658.79,1,1
2024-10-02,BEAC,Règlement de titre,7744371.14,EUR,9.62,560.72,1,1
2025-05-14,SYSTAC,Crédit,2885891.69,EUR,2.5,614.16,1,1
2024-09-27,BEAC,Paiement masse salariale,4896797.43,EUR,3.88,662.73,1,1
2025-01-07,BICEC,Paiement masse salariale,2888450.68,XAF,5.09,575.29,0,1
2024-09-19,SCB,Transfert de fonds,7223507.05,XAF,7.1,602.08,1,1
2024-08-24,SYSTAC,Crédit,8928511.49,EUR,3.02,618.91,1,1
2025-01-30,UBA,Paiement international,1627596.56,XAF,7.93,675.46,1,1
2024-12-02,BICEC,Règlement de titre,9391987.13,XAF,5.59,660.05,1,1
2024-12-14,BICEC,Prélèvement fiscal,4407590.98,EUR,4.89,644.92,1,1
2024-10-10,SCB,Débit,8020353.81,XAF,9.29,698.56,0,0
2024-10-05,SYSTAC,Transfert de fonds,6760430.21,XAF,3.5,576.05,1,1
2024-09-19,BICEC,Crédit,7006111.75,XAF,3.48,597.68,1,1
2024-11-21,Ecobank,Transfert de fonds,7235075.9,EUR,3.46,651.55,1,1
2024-08-19,SIGMA,Virement interbancaire,4957841.25,EUR,8.69,602.85,0,1
2024-12-04,Ecobank,Prélèvement fiscal,4086114.98,XAF,4.41,566.08,1,1
2024-11-14,SYSTAC,Paiement international,6557409.26,EUR,8.47,632.77,1,1
2025-07-07,SIGMA,Transfert de fonds,2029267.08,XAF,4.86,696.0,1,1
2024-12-09,BICEC,Transfert de fonds,1842994.82,EUR,3.85,645.28,1,1
2024-08-05,Afriland,Règlement de titre,7731465.6,EUR,7.11,565.16,1,1
2024-11-12,Ecobank,Règlement de titre,8221151.24,USD,7.4,553.68,1,1
2025-02-09,SYSTAC,Transfert de fonds,9735671.11,XAF,8.63,575.45,1,1
2025-01-03,Afriland,Règlement de titre,9081359.82,EUR,6.64,626.41,1,1
2025-01-24,Afriland,Règlement de titre,6108239.38,USD,3.14,588.59,1,1
2025-01-16,Afriland,Paiement masse salariale,2042550.74,EUR,4.49,658.6,1,1
2025-05-29,UBA,Débit,8216664.05,USD,3.14,630.23,1,1
2025-07-07,BEAC,Virement interbancaire,362326.48,EUR,8.46,565.51,1,1
2024-07-29,Ecobank,Débit,2094038.85,EUR,7.72,553.65,1,1
2024-10-06,Afriland,Prélèvement fiscal,1899500.0,XAF,4.03,631.71,1,1
2025-05-25,UBA,Paiement masse salariale,7918870.42,USD,9.67,552.24,0,1
2025-05-28,BICEC,Transfert de fonds,2618633.48,EUR,9.03,618.92,1,1
2024-10-27,Ecobank,Paiement international,152476.91,USD,9.67,672.11,1,1
2025-06-02,SCB,Prélèvement fiscal,1146218.24,XAF,2.05,620.66,1,1
2025-07-09,SCB,Paiement masse salariale,8092351.2,USD,5.38,672.08,0,1
2024-12-03,Ecobank,Crédit,2610487.34,USD,8.25,650.1,1,1
2024-09-02,Ecobank,Crédit,7766848.33,XAF,9.74,664.32,1,1
2025-02-03,SYSTAC,Virement interbancaire,6771495.37,EUR,5.65,691.59,1,1
2025-04-18,BICEC,Virement interbancaire,6390878.45,USD,2.57,615.05,1,1
2024-12-19,Afriland,Transfert de fonds,9874900.84,EUR,2.77,656.78,1,1
2025-07-19,SYSTAC,Prélèvement fiscal,5047561.16,EUR,2.62,555.65,1,1
2025-06-20,UBA,Prélèvement fiscal,4097733.25,XAF,5.34,560.57,1,1
2024-10-03,SCB,Transfert de fonds,8186258.19,XAF,4.73,674.72,1,1
2024-12-20,Afriland,Règlement de titre,5532998.46,XAF,6.86,567.82,1,1
2024-11-13,BICEC,Transfert de fonds,6017887.11,USD,6.88,559.63,1,1
2025-06-12,SCB,Paiement masse salariale,5645306.09,USD,8.48,662.57,1,1
2024-12-10,Afriland,Transfert de fonds,9218334.36,USD,8.41,582.48,1,1
2025-03-03,SCB,Crédit,836663.82,XAF,8.92,685.0,1,1
2024-09-07,UBA,Paiement masse salariale,8827106.1,EUR,5.9,690.31,0,1
2024-08-06,UBA,Crédit,6999658.03,EUR,3.92,630.56,1,1
2025-05-29,SIGMA,Transfert de fonds,1881071.42,XAF,3.1,592.39,1,1
2025-01-16,BICEC,Prélèvement fiscal,967284.34,USD,6.19,558.69,1,1
2024-12-05,BICEC,Paiement international,3898879.37,XAF,8.73,563.62,1,1
2024-11-18,Ecobank,Paiement masse salariale,6048420.4,XAF,6.98,579.49,1,1
2025-07-28,Afriland,Virement interbancaire,724826.79,XAF,2.61,680.37,0,1
2025-05-01,SIGMA,Transfert de fonds,5239033.78,XAF,9.18,582.15,1,1
2025-05-27,SCB,Paiement masse salariale,6867339.51,EUR,8.88,692.85,1,1
2025-04-26,SIGMA,Débit,9297388.71,EUR,2.54,681.47,1,1
2025-06-15,SCB,Règlement de titre,2376071.25,EUR,3.53,692.53,1,1
2025-07-07,BICEC,Paiement international,4090974.32,USD,5.72,618.76,1,1
2025-04-20,BICEC,Crédit,5352624.47,XAF,9.24,657.72,1,1
2025-04-26,UBA,Transfert de fonds,4716073.72,USD,4.18,682.57,1,1
2025-07-01,SYSTAC,Virement interbancaire,1343247.22,USD,9.21,568.04,1,1
2024-10-12,Ecobank,Paiement international,8864368.7,USD,5.66,638.13,1,1
2025-03-19,Afriland,Prélèvement fiscal,6165818.27,EUR,9.81,577.0,1,1
2025-01-15,BEAC,Virement interbancaire,9244114.73,USD,5.41,556.98,1,1
2025-02-21,UBA,Prélèvement fiscal,2159924.84,USD,5.92,570.04,0,1
2024-10-29,SIGMA,Débit,5139983.95,EUR,2.32,567.54,1,1
2025-03-16,Afriland,Transfert de fonds,7537265.47,EUR,4.41,613.51,1,1
2024-11-03,SCB,Virement interbancaire,3639312.17,EUR,5.98,588.08,1,1
2024-08-28,BEAC,Crédit,8984339.77,XAF,9.0,696.28,1,1
2025-07-26,BICEC,Prélèvement fiscal,5356878.74,EUR,8.34,615.93,0,1
2025-02-24,SCB,Crédit,7961503.15,USD,5.86,618.42,1,1
2025-06-18,SIGMA,Transfert de fonds,9264322.38,USD,3.72,584.87,1,1
2025-06-09,BEAC,Règlement de titre,9203827.92,USD,2.4,559.95,1,1
2025-05-14,SCB,Transfert de fonds,8050638.1,USD,9.39,574.58,1,1
2025-06-24,UBA,Paiement masse salariale,7643387.56,USD,8.39,584.92,0,1
2025-06-06,Afriland,Transfert de fonds,6699498.55,XAF,4.87,611.77,1,1
2024-08-23,Ecobank,Virement interbancaire,3396400.1,XAF,9.8,585.61,1,1
2024-11-29,SCB,Crédit,1459072.74,USD,2.37,639.25,1,1
2024-08-18,UBA,Crédit,6744650.55,XAF,5.18,579.64,1,1
2025-05-22,SYSTAC,Crédit,422752.48,USD,3.44,570.93,1,1
2024-10-04,Afriland,Crédit,8216525.47,USD,8.12,655.31,1,1
2025-01-04,Afriland,Prélèvement fiscal,1325320.22,USD,7.9,683.8,1,1
2025-07-26,BICEC,Paiement masse salariale,3807681.53,USD,9.28,601.05,1,1
2025-01-03,BICEC,Virement interbancaire,4744576.08,USD,9.4,553.43,1,1
2025-05-01,BICEC,Transfert de fonds,3713332.85,USD,5.8,619.19,1,1
2025-02-21,UBA,Règlement de titre,3909283.78,USD,9.5,580.3,1,1
2025-07-02,SYSTAC,Paiement masse salariale,5167622.18,XAF,9.99,604.2,1,1
2024-08-28,Afriland,Débit,7223311.65,XAF,8.18,561.38,1,1
2024-10-06,BICEC,Crédit,7079937.89,EUR,2.48,599.03,1,1
2024-10-04,UBA,Paiement masse salariale,4524746.1,USD,4.16,588.39,1,1
2025-03-01,BEAC,Crédit,6432590.49,USD,7.67,566.13,1,1
2024-10-02,BICEC,Règlement de titre,2423333.69,USD,2.8,616.18,1,1
2025-01-26,SIGMA,Paiement international,9561017.8,EUR,5.2,617.32,1,1
2024-12-12,SYSTAC,Prélèvement fiscal,7977857.08,XAF,6.43,559.61,1,1
2025-04-05,Afriland,Transfert de fonds,7937033.92,USD,2.04,665.71,1,1
2025-03-19,SYSTAC,Prélèvement fiscal,6428687.54,XAF,2.81,697.59,0,1
2025-04-20,Ecobank,Prélèvement fiscal,7386697.44,XAF,3.48,589.21,0,1
2025-07-22,BEAC,Prélèvement fiscal,9712113.81,USD,5.34,589.16,1,1
2025-02-26,BICEC,Virement interbancaire,3141524.16,USD,3.09,680.25,1,1
2025-05-12,Afriland,Paiement international,2202507.8,USD,8.58,640.34,1,1
2025-03-21,SIGMA,Paiement masse salariale,8588288.21,XAF,7.45,655.48,0,1
2025-01-24,Ecobank,Paiement international,5893114.69,EUR,4.96,653.18,1,1
2025-02-15,Afriland,Crédit,1928425.63,EUR,6.47,584.2,1,1
2024-11-11,BICEC,Paiement international,1872693.34,EUR,7.11,576.27,1,1
2025-04-11,SIGMA,Débit,1865919.12,XAF,7.75,654.86,0,1
2024-09-24,BEAC,Règlement de titre,827106.48,XAF,9.95,560.22,1,1
2024-09-14,BICEC,Virement interbancaire,9978991.33,XAF,8.09,577.89,1,1
2024-08-17,UBA,Débit,1869867.16,USD,5.99,605.89,1,1
2024-10-20,SIGMA,Transfert de fonds,6163742.48,XAF,4.03,556.62,1,1
2024-08-13,Afriland,Prélèvement fiscal,7557210.81,XAF,7.2,609.25,1,1
2024-08-07,SCB,Crédit,2704083.45,XAF,4.38,689.45,1,1
2025-06-16,Afriland,Débit,9399577.88,EUR,9.47,588.11,1,1
2025-01-06,SCB,Transfert de fonds,3622857.61,EUR,4.03,695.56,1,1
2025-02-01,UBA,Débit,3837814.32,EUR,2.25,665.52,1,1
2024-11-15,Afriland,Débit,6689502.56,XAF,9.16,638.91,1,1
2025-07-17,UBA,Paiement masse salariale,5287373.37,XAF,8.94,614.97,1,1
2025-03-17,SCB,Transfert de fonds,8844308.94,EUR,6.97,599.28,1,1
2024-12-27,BICEC,Paiement masse salariale,9723772.03,XAF,9.27,599.64,1,1
2024-11-23,BICEC,Paiement masse salariale,4061023.26,XAF,9.4,655.17,1,1
2025-01-28,SYSTAC,Virement interbancaire,888683.39,EUR,4.91,655.22,0,1
2025-02-23,BICEC,Règlement de titre,4967708.96,EUR,6.02,572.77,1,1
2024-08-01,SYSTAC,Virement interbancaire,7351942.39,XAF,9.02,556.2,1,1
2024-09-23,SYSTAC,Transfert de fonds,1897103.66,EUR,8.49,691.84,0,0
2025-03-29,SCB,Crédit,9453058.56,EUR,7.36,640.72,1,1
2025-01-25,BEAC,Transfert de fonds,9676385.0,XAF,5.41,695.81,1,1
2025-01-25,SCB,Débit,2121164.17,USD,9.87,637.68,1,1
2024-12-28,BICEC,Débit,1683532.45,XAF,4.41,583.43,1,1
2025-06-04,Afriland,Prélèvement fiscal,7291706.74,XAF,9.85,687.49,1,1
2024-09-01,BICEC,Virement interbancaire,3494540.9,USD,4.2,607.57,1,1
2025-04-19,Ecobank,Virement interbancaire,1470624.7,XAF,4.09,662.71,1,1
2024-08-31,SCB,Crédit,2275705.6,USD,8.76,617.0,1,1
2024-10-31,SCB,Prélèvement fiscal,5582221.59,USD,6.44,579.24,1,1
2024-09-24,BEAC,Transfert de fonds,4603054.66,USD,6.93,690.66,1,1
2025-03-06,SIGMA,Règlement de titre,235228.25,XAF,3.66,695.95,1,1
2025-06-05,SCB,Débit,2403246.3,USD,9.47,561.63,1,1
2024-10-30,BICEC,Paiement international,526617.09,EUR,5.55,564.65,0,1
2024-11-23,Ecobank,Transfert de fonds,7456507.54,XAF,2.67,603.36,1,1
2024-08-01,SCB,Prélèvement fiscal,7272511.34,EUR,8.15,655.41,1,1
2025-05-21,SYSTAC,Crédit,8065347.87,XAF,9.91,666.99,1,1
2025-06-07,SYSTAC,Prélèvement fiscal,8792435.28,USD,5.74,579.02,1,1
2025-05-03,SIGMA,Virement interbancaire,7234845.67,XAF,5.96,651.89,1,1
2025-01-21,SYSTAC,Crédit,9318764.67,EUR,2.67,675.28,0,1
2025-02-12,Afriland,Débit,9564721.71,XAF,2.57,667.75,1,1
2025-06-24,BEAC,Prélèvement fiscal,2469236.27,USD,6.85,587.95,1,1
2024-09-26,BICEC,Virement interbancaire,1725401.83,XAF,6.66,590.94,1,1
2025-01-09,BEAC,Crédit,1000500.91,USD,4.46,613.83,1,1
2025-05-27,BEAC,Débit,4260250.19,XAF,4.91,611.24,1,1
2025-03-26,UBA,Virement interbancaire,9337928.78,USD,3.05,560.65,1,1
2025-03-25,Ecobank,Virement interbancaire,2526193.05,XAF,2.5,699.49,1,1
2025-04-30,Afriland,Règlement de titre,7252832.54,EUR,6.12,683.41,1,1
2025-01-12,Ecobank,Débit,7248682.89,EUR,8.04,693.34,1,1
2025-03-23,SYSTAC,Prélèvement fiscal,7367718.1,EUR,6.28,621.22,1,1
2025-07-17,SYSTAC,Paiement international,8157433.12,EUR,8.43,610.48,1,1
2025-04-01,UBA,Règlement de titre,6586459.49,EUR,9.5,625.18,1,1
2024-09-04,SYSTAC,Transfert de fonds,6111138.85,USD,3.8,625.5,1,1
2024-11-25,SIGMA,Paiement masse salariale,4898541.61,USD,8.72,658.02,1,1
2025-04-19,SCB,Crédit,9879696.67,XAF,2.2,677.52,0,1
2025-07-04,Afriland,Transfert de fonds,6731086.77,USD,2.73,604.98,1,1
2025-02-04,Afriland,Transfert de fonds,9087644.99,XAF,5.52,669.81,1,1
2025-03-10,SCB,Paiement masse salariale,3491175.16,USD,4.83,561.88,1,1
2024-08-11,SCB,Règlement de titre,3828652.79,EUR,9.54,651.87,1,1
2025-07-21,UBA,Paiement international,5866047.96,XAF,2.89,661.75,1,1
2024-10-04,BEAC,Règlement de titre,6672553.86,USD,6.48,621.04,1,1
2024-08-18,Ecobank,Débit,9434479.88,XAF,7.7,571.92,1,1
2025-04-18,BEAC,Transfert de fonds,309831.69,XAF,7.66,695.68,1,1
2025-07-26,BICEC,Virement interbancaire,1638837.62,EUR,7.82,582.31,1,1
2024-08-31,Afriland,Paiement international,7024419.97,USD,4.64,579.04,1,1
2024-08-18,SYSTAC,Transfert de fonds,8932636.01,EUR,6.19,589.49,1,1
2025-05-19,SCB,Prélèvement fiscal,5577447.49,USD,3.2,601.47,1,1
2025-06-05,SCB,Crédit,6246508.96,USD,6.53,667.6,1,1
2025-07-21,Ecobank,Crédit,4990946.52,XAF,7.45,607.13,1,1
2025-03-04,SIGMA,Règlement de titre,8355369.76,EUR,9.69,687.9,1,1
2025-01-26,BICEC,Transfert de fonds,2434111.82,USD,8.31,629.52,1,1
2024-12-24,SYSTAC,Crédit,4874036.92,USD,7.9,591.38,1,1
2024-09-07,BICEC,Paiement international,5457838.55,USD,8.84,663.57,0,0
2025-06-08,UBA,Virement interbancaire,5780767.87,EUR,4.41,696.09,1,1
2024-11-06,SYSTAC,Transfert de fonds,404472.11,EUR,4.29,562.32,1,1
2025-02-25,SYSTAC,Règlement de titre,7770411.82,EUR,9.59,554.24,1,1
2025-06-11,BEAC,Transfert de fonds,2923000.59,USD,9.88,628.18,1,1
2024-08-11,SYSTAC,Virement interbancaire,8687143.17,USD,7.19,620.04,0,1
2025-06-26,BEAC,Prélèvement fiscal,2296728.68,XAF,8.11,581.98,1,1
2025-05-03,SYSTAC,Prélèvement fiscal,4476729.16,EUR,9.52,679.14,1,1
2024-08-24,BICEC,Paiement masse salariale,3436426.86,EUR,5.25,603.72,1,1
2025-04-02,BICEC,Paiement international,4996827.22,XAF,5.23,626.38,1,1
2024-11-10,SCB,Transfert de fonds,9296607.59,XAF,6.04,613.97,1,1
2024-12-03,SIGMA,Paiement masse salariale,9349963.59,EUR,2.59,624.42,1,1
2025-04-20,BICEC,Règlement de titre,5113213.51,USD,9.83,699.82,1,1
2025-07-18,SYSTAC,Transfert de fonds,903611.77,XAF,2.56,601.0,1,1
2025-02-09,SIGMA,Paiement international,8750547.73,EUR,3.6,597.13,1,1
2025-04-27,SCB,Paiement masse salariale,9166746.64,EUR,2.9,647.29,1,1
2025-07-03,UBA,Crédit,1678183.19,USD,2.56,585.9,1,1
2024-12-21,BICEC,Virement interbancaire,663874.58,USD,5.88,638.09,1,1
2025-04-29,SYSTAC,Crédit,4429727.52,XAF,9.41,654.06,1,1
2024-12-10,SIGMA,Prélèvement fiscal,8308082.99,USD,7.71,668.35,1,1
2024-12-21,BICEC,Transfert de fonds,6004819.17,EUR,3.29,581.64,1,1
2025-05-29,SCB,Transfert de fonds,830376.8,XAF,9.98,690.4,1,1
2025-03-08,UBA,Paiement masse salariale,1738181.35,USD,3.85,626.67,0,1
2025-03-11,Afriland,Crédit,2712291.35,USD,9.38,682.01,1,1
2025-02-23,SYSTAC,Transfert de fonds,7292282.31,XAF,9.24,625.28,1,1
2024-10-28,SIGMA,Débit,5973670.69,EUR,8.84,625.3,1,1
2025-01-02,SYSTAC,Transfert de fonds,5292321.75,USD,5.39,589.88,1,1
2024-09-22,SYSTAC,Paiement international,6809972.15,EUR,3.42,677.55,1,1
2024-12-04,SYSTAC,Crédit,2959463.55,XAF,9.5,629.87,1,1
2024-09-15,SIGMA,Crédit,3616049.94,EUR,4.33,587.08,1,1
2024-09-07,UBA,Crédit,5483030.3,EUR,4.79,624.78,1,1
2025-06-15,Ecobank,Paiement international,8325029.84,EUR,6.3,605.52,1,1
2025-03-09,SYSTAC,Prélèvement fiscal,9242003.45,EUR,5.33,653.21,1,1
2025-06-06,UBA,Transfert de fonds,490368.86,USD,9.34,582.74,1,1
2025-02-09,BEAC,Prélèvement fiscal,1710237.67,EUR,9.99,631.62,1,1
2025-03-23,Afriland,Paiement masse salariale,952911.72,XAF,9.75,693.15,1,1
2025-05-03,SYSTAC,Débit,4261292.53,EUR,2.23,628.35,1,1
2024-12-23,UBA,Crédit,4067453.17,USD,3.32,692.84,1,1
2025-02-13,SYSTAC,Virement interbancaire,3066297.95,USD,7.3,554.03,0,1
2025-05-25,SCB,Virement interbancaire,5139626.41,EUR,9.45,552.76,1,1
2024-09-17,Ecobank,Débit,1437398.27,XAF,5.04,629.66,1,1
2025-05-26,UBA,Débit,7700847.55,USD,9.22,551.73,1,1
2024-09-27,SCB,Transfert de fonds,5053446.62,XAF,8.07,690.67,1,1
2025-01-29,Afriland,Crédit,8226401.2,USD,7.48,590.25,1,1
2024-10-17,Afriland,Paiement international,9305151.19,XAF,4.51,582.2,1,1
2025-05-27,BICEC,Paiement international,9348663.71,XAF,8.55,668.6,1,1
2024-08-31,BICEC,Règlement de titre,7772464.29,EUR,6.54,609.32,1,1
2025-02-15,SIGMA,Crédit,8158054.3,EUR,6.88,680.87,1,1
2024-12-30,SCB,Paiement masse salariale,1923589.0,EUR,4.83,597.48,1,1
2025-06-26,Afriland,Règlement de titre,6077569.97,EUR,5.87,554.96,1,1
2025-03-03,BICEC,Virement interbancaire,8982174.56,USD,8.66,622.59,1,1
2025-02-01,Ecobank,Débit,639638.32,XAF,3.45,678.77,1,1
2025-06-11,BICEC,Prélèvement fiscal,4935107.05,USD,7.93,612.52,1,1
2025-06-29,Ecobank,Paiement masse salariale,2558608.57,USD,7.92,554.97,1,1
2024-11-19,UBA,Paiement international,2919819.27,XAF,8.75,587.86,0,1
2025-04-23,SYSTAC,Règlement de titre,1851159.02,USD,5.79,630.23,1,1
2025-01-08,SCB,Paiement masse salariale,6190675.29,EUR,4.23,616.96,1,1
2025-06-22,SIGMA,Virement interbancaire,8808141.79,USD,8.79,608.96,1,1
2024-10-12,BICEC,Paiement masse salariale,4191909.22,USD,5.6,634.66,1,1
2025-07-26,Ecobank,Règlement de titre,3577479.86,XAF,5.63,602.64,1,1
2024-10-06,SYSTAC,Crédit,528078.44,XAF,9.3,653.6,1,1
2024-11-25,Ecobank,Transfert de fonds,2636710.85,XAF,7.5,657.03,1,1
2025-06-26,BEAC,Règlement de titre,8583305.95,XAF,3.1,558.35,0,1
2025-02-28,Ecobank,Prélèvement fiscal,244171.97,XAF,2.51,589.43,0,1
2025-01-26,Ecobank,Prélèvement fiscal,9710504.97,XAF,8.12,611.93,1,1
2024-09-25,BICEC,Paiement masse salariale,7549383.37,XAF,5.78,596.32,1,1
2025-06-22,SCB,Transfert de fonds,3352766.38,XAF,4.62,618.05,1,1
2025-06-18,Afriland,Virement interbancaire,5573036.9,EUR,8.56,638.71,1,1
2025-02-12,Ecobank,Transfert de fonds,6615498.41,EUR,6.94,666.28,1,1
2025-01-30,SCB,Virement interbancaire,6996785.08,XAF,4.31,607.04,1,1
2025-03-05,Ecobank,Virement interbancaire,5869696.45,EUR,9.48,635.28,1,1
2025-04-10,SCB,Crédit,3169168.65,USD,6.35,587.09,1,1
2024-10-04,Ecobank,Débit,1740412.58,USD,9.07,675.61,1,1
2025-04-15,Ecobank,Débit,8589298.28,EUR,9.87,692.83,1,1
2024-11-07,SIGMA,Crédit,6112178.52,EUR,3.91,588.07,1,1
2024-09-14,Ecobank,Crédit,9826689.95,USD,7.75,691.64,1,1
2024-10-13,SCB,Règlement de titre,472905.14,XAF,7.36,552.95,0,1
2025-05-15,Ecobank,Prélèvement fiscal,6100556.8,XAF,4.43,694.25,1,1
2025-04-20,Afriland,Paiement masse salariale,8851408.75,XAF,7.41,566.64,0,1
2025-07-25,Ecobank,Virement interbancaire,6975643.49,USD,7.22,590.21,1,1
2025-06-07,Ecobank,Crédit,1095802.42,XAF,6.46,634.13,1,1
2025-06-22,SCB,Virement interbancaire,1584351.35,EUR,9.82,606.2,1,1
2025-01-17,UBA,Règlement de titre,986910.8,USD,9.78,630.59,1,1
2024-09-03,SIGMA,Transfert de fonds,1947141.52,XAF,7.29,630.39,1,1
2025-06-24,Ecobank,Paiement masse salariale,936851.94,EUR,2.78,569.14,1,1
2025-07-13,BICEC,Paiement international,9300548.11,EUR,4.32,639.8,1,1
2025-04-29,BEAC,Crédit,4889258.55,EUR,2.88,661.99,1,1
2025-05-04,UBA,Virement interbancaire,8559833.09,XAF,5.67,556.26,1,1
2025-03-14,BEAC,Paiement international,6276740.86,XAF,5.99,556.53,1,1
2025-01-17,Afriland,Paiement international,7608706.97,XAF,9.3,643.1,1,1
2024-12-26,SCB,Prélèvement fiscal,2293622.26,XAF,2.48,590.03,1,1
2024-12-04,SYSTAC,Paiement masse salariale,7002516.03,USD,8.57,667.31,1,1
2025-04-02,BEAC,Débit,7256921.05,XAF,9.16,601.56,1,1
2025-03-28,SIGMA,Transfert de fonds,7020569.21,USD,4.9,587.93,1,1
2024-11-07,Ecobank,Transfert de fonds,5216770.06,USD,5.15,568.21,1,1
2024-08-23,BEAC,Transfert de fonds,7229055.23,XAF,6.22,558.75,1,1
2024-10-21,UBA,Virement interbancaire,8373067.9,EUR,8.27,622.12,1,1
2025-02-27,Afriland,Paiement international,7664057.93,EUR,4.35,683.61,1,1
2025-01-10,SIGMA,Crédit,8603963.51,XAF,9.14,656.54,1,1
2024-08-24,UBA,Transfert de fonds,522833.37,XAF,9.99,669.66,1,1
2025-01-27,Ecobank,Règlement de titre,1777273.26,USD,4.38,685.61,1,1
2025-01-17,Afriland,Paiement international,8878297.18,XAF,2.8,634.24,1,1
2024-11-11,BEAC,Paiement international,4111151.84,USD,4.94,561.46,1,1
2024-12-12,BEAC,Paiement international,9526129.5,USD,5.13,689.46,1,1
2025-04-28,BICEC,Virement interbancaire,6340622.04,EUR,5.09,631.91,1,1
2024-10-17,UBA,Règlement de titre,8034351.52,EUR,9.97,681.63,1,1
2024-10-07,UBA,Prélèvement fiscal,9580237.32,USD,6.66,689.49,1,1
2025-02-02,UBA,Virement interbancaire,1202965.93,EUR,9.24,584.2,1,1
2024-11-04,SCB,Règlement de titre,6716776.32,EUR,3.65,593.54,1,1
2025-04-24,UBA,Règlement de titre,786311.15,XAF,4.4,659.52,0,1
2024-11-11,SCB,Règlement de titre,495328.98,USD,2.21,590.56,1,1
2024-11-10,SIGMA,Virement interbancaire,3938123.71,XAF,8.69,660.05,1,1
2024-11-09,SIGMA,Règlement de titre,544079.19,USD,8.45,620.26,1,1
2024-09-04,UBA,Virement interbancaire,699276.99,XAF,6.53,681.18,1,1
2025-04-09,Ecobank,Virement interbancaire,4521054.36,EUR,8.23,554.99,1,1
2025-06-07,SCB,Virement interbancaire,6076412.18,USD,2.95,630.38,1,1
2025-02-01,BICEC,Paiement international,4482910.17,USD,5.07,691.41,1,1
2025-04-06,SYSTAC,Prélèvement fiscal,5357855.07,USD,9.83,586.32,1,1
2024-11-10,UBA,Règlement de titre,6590324.06,EUR,6.51,589.19,1,1
2024-08-25,SCB,Transfert de fonds,4356692.45,XAF,5.53,570.0,1,1
2025-02-05,Afriland,Prélèvement fiscal,5990564.18,USD,2.94,657.52,1,1
2025-04-13,Afriland,Paiement masse salariale,7813716.39,EUR,4.29,565.35,1,1
2024-08-09,Afriland,Transfert de fonds,4906284.26,USD,2.51,622.53,0,1
2024-08-07,SYSTAC,Transfert de fonds,1169475.24,USD,4.94,690.45,1,1
2024-10-14,BEAC,Débit,5350508.97,USD,4.71,680.14,1,1
2025-06-10,Ecobank,Prélèvement fiscal,4382525.31,USD,2.32,663.06,1,1
2024-11-24,Ecobank,Virement interbancaire,3660729.23,USD,4.25,681.67,1,1
2025-04-11,SCB,Transfert de fonds,3528086.93,EUR,7.77,611.68,1,1
2024-09-16,SCB,Règlement de titre,3187855.75,USD,6.6,630.48,1,1
2025-04-07,SCB,Crédit,9650436.1,USD,9.2,664.38,1,1
2024-12-09,UBA,Débit,3159493.12,USD,5.87,572.68,1,1
2024-08-26,SYSTAC,Paiement international,9898041.96,EUR,4.01,592.35,1,1
2025-02-28,Ecobank,Virement interbancaire,9620233.48,EUR,4.6,587.84,1,1
2025-07-15,SYSTAC,Crédit,1690451.66,XAF,3.83,617.58,1,1
2025-06-15,Afriland,Règlement de titre,7337465.53,USD,5.51,573.07,1,1
2024-10-22,SCB,Transfert de fonds,3530064.41,USD,4.34,561.4,1,1
2025-05-05,SCB,Débit,3976005.79,EUR,5.25,612.58,1,1
2025-05-08,Afriland,Virement interbancaire,4076780.81,USD,4.67,621.65,0,1
2025-02-22,BEAC,Paiement masse salariale,3934466.65,XAF,6.06,605.96,1,1
2025-05-13,BICEC,Débit,2469968.55,USD,3.19,644.67,0,1
2025-02-26,Afriland,Paiement masse salariale,8809185.99,XAF,2.61,589.91,1,1
2024-08-26,SIGMA,Débit,7162953.82,XAF,2.49,615.87,1,1
2025-04-27,SIGMA,Paiement international,560934.13,XAF,9.2,644.03,1,1
2025-06-19,BEAC,Prélèvement fiscal,311926.11,EUR,6.49,574.08,1,1
2025-05-27,BICEC,Transfert de fonds,4845280.9,XAF,9.85,694.34,1,1
2024-11-28,SCB,Débit,1260178.64,XAF,4.76,551.39,1,1
2025-06-28,BICEC,Paiement masse salariale,872619.0,XAF,3.97,620.76,1,1
2025-04-28,Afriland,Prélèvement fiscal,7561907.51,XAF,7.9,698.94,1,1
2025-06-05,SYSTAC,Transfert de fonds,524948.7,USD,2.62,581.88,1,1
2025-02-11,UBA,Débit,8120515.21,USD,2.47,640.53,1,1
2024-11-02,SYSTAC,Règlement de titre,5040348.26,XAF,4.28,567.81,1,1
2024-11-02,SYSTAC,Crédit,3384612.59,USD,9.04,623.8,1,1
2025-02-11,SCB,Paiement masse salariale,9072727.21,XAF,5.21,629.74,1,1
2025-07-27,Ecobank,Prélèvement fiscal,3531562.6,XAF,5.94,552.27,0,1
2025-03-13,Ecobank,Règlement de titre,5095222.78,XAF,6.94,610.47,1,1
2024-11-03,Ecobank,Règlement de titre,8270196.86,USD,7.54,585.88,1,1
2025-02-01,BICEC,Règlement de titre,6324767.74,USD,2.2,645.25,1,1
2025-02-13,SIGMA,Prélèvement fiscal,8815187.62,USD,2.24,652.39,1,1
2024-10-14,BEAC,Virement interbancaire,6449538.37,USD,2.5,610.11,1,1
2025-04-01,BICEC,Crédit,2933141.13,USD,8.11,571.46,1,1
2025-03-07,Afriland,Débit,6300781.32,EUR,9.31,562.45,1,1
2024-08-24,Afriland,Prélèvement fiscal,2302076.1,USD,3.2,636.73,1,1
2025-03-20,BICEC,Paiement international,5662120.2,XAF,9.29,628.66,1,1
2024-10-03,SIGMA,Virement interbancaire,3254773.48,USD,5.21,554.9,1,1
2025-04-19,SYSTAC,Crédit,1140949.71,USD,4.55,624.06,1,1
2025-01-09,UBA,Débit,9413020.42,XAF,8.78,648.48,1,1
2024-08-24,BEAC,Paiement masse salariale,3711665.15,USD,8.2,685.09,1,1
2024-08-27,Ecobank,Débit,9858038.53,USD,7.99,588.19,1,1
2025-04-25,SIGMA,Débit,6223653.17,XAF,3.36,620.85,1,1
2024-08-13,SIGMA,Paiement international,3315289.37,EUR,5.3,598.58,1,1
2024-08-26,BEAC,Virement interbancaire,908019.22,USD,9.96,613.8,1,1
2025-01-18,SCB,Prélèvement fiscal,8778008.62,USD,3.36,553.47,1,1
2025-06-22,UBA,Règlement de titre,9681012.01,XAF,8.37,618.6,1,1
2025-02-03,BICEC,Paiement masse salariale,7288935.13,XAF,3.1,570.0,1,1
2025-06-13,UBA,Paiement international,1201310.69,USD,3.03,562.65,1,1
2025-04-13,UBA,Prélèvement fiscal,4570097.87,EUR,8.62,629.09,1,1
2025-02-18,SCB,Crédit,1360781.51,XAF,5.59,563.36,1,1
2025-07-29,BICEC,Paiement international,9824229.01,EUR,5.36,634.46,1,1
2024-09-10,BICEC,Débit,7259111.93,USD,5.46,583.01,1,1
2024-10-01,BICEC,Paiement international,1497972.33,XAF,5.18,596.09,1,1
2024-12-17,SYSTAC,Débit,3563262.75,USD,2.13,604.24,1,1
2024-10-13,SCB,Crédit,8177356.17,EUR,5.48,686.21,1,1
2025-02-19,SYSTAC,Règlement de titre,9533201.19,USD,4.68,678.95,1,1
2024-12-16,SYSTAC,Prélèvement fiscal,676963.38,XAF,6.61,662.71,1,1
2025-07-27,UBA,Crédit,8291005.96,XAF,7.67,595.52,1,1
2025-02-28,Ecobank,Débit,8658260.65,USD,4.56,559.29,1,1
2025-02-24,BICEC,Virement interbancaire,1609024.33,EUR,4.35,566.91,1,1
2025-02-07,BEAC,Transfert de fonds,9182433.84,USD,9.1,655.35,1,1
2024-08-23,UBA,Paiement international,5016072.06,USD,2.04,592.78,1,1
2024-11-29,Afriland,Transfert de fonds,4180407.04,EUR,3.17,571.21,1,1
2024-09-14,UBA,Débit,8917719.36,EUR,5.03,641.63,1,1
2024-12-07,SYSTAC,Débit,1960409.6,XAF,9.05,550.81,1,1
2024-08-07,UBA,Transfert de fonds,7275544.75,USD,9.1,633.9,1,1
2024-12-04,BEAC,Règlement de titre,4487153.42,EUR,7.56,567.83,1,1
2025-03-28,SCB,Virement interbancaire,2014990.53,USD,5.79,593.96,1,1
2024-09-11,BEAC,Virement interbancaire,4783491.97,USD,9.19,668.21,1,1
2025-03-02,SIGMA,Paiement international,5453456.83,XAF,5.41,609.59,1,1
2024-08-30,Ecobank,Prélèvement fiscal,2407862.87,EUR,3.35,569.58,1,1
2024-11-21,BEAC,Transfert de fonds,2202533.15,EUR,7.51,557.81,1,1
2025-04-21,Afriland,Crédit,6878828.1,USD,5.04,694.89,1,1
2024-11-03,Afriland,Débit,1382064.02,USD,9.83,626.72,1,1
2025-07-01,BICEC,Crédit,7368453.08,XAF,6.84,564.01,1,1
2025-06-18,Ecobank,Virement interbancaire,496260.84,EUR,3.76,612.62,1,1
2024-08-26,SIGMA,Règlement de titre,4391679.29,EUR,6.18,633.24,1,1
2025-02-23,SYSTAC,Virement interbancaire,7812635.05,USD,8.17,564.37,0,1
2024-10-20,UBA,Paiement international,1275282.5,EUR,7.95,597.2,1,1
2025-06-12,SIGMA,Débit,1151658.25,USD,3.15,623.99,1,1
2024-08-24,Ecobank,Crédit,6131444.08,USD,5.59,616.83,1,1
2025-06-08,BEAC,Prélèvement fiscal,1951922.88,XAF,7.23,687.92,1,1
2024-09-07,Afriland,Virement interbancaire,6567721.93,USD,4.21,635.81,1,1
2024-10-28,SIGMA,Transfert de fonds,9034414.42,USD,8.08,634.76,1,1
2024-10-20,Ecobank,Crédit,7498613.27,USD,3.14,561.75,1,1
2024-09-10,Ecobank,Virement interbancaire,5700689.99,USD,2.48,553.92,1,1
2024-08-30,Afriland,Paiement masse salariale,1572691.28,XAF,5.1,691.87,1,1
2024-09-15,Afriland,Transfert de fonds,7136408.44,USD,3.93,674.38,1,1
2025-06-17,Ecobank,Prélèvement fiscal,773791.83,USD,6.06,671.38,1,1
2025-07-05,SYSTAC,Prélèvement fiscal,5243947.97,USD,2.15,605.7,1,1
2025-05-27,UBA,Paiement masse salariale,8625811.85,XAF,2.2,672.45,1,1
2025-06-16,Afriland,Virement interbancaire,7485075.41,EUR,9.9,593.65,1,1
2024-10-29,UBA,Paiement masse salariale,2752009.21,USD,3.4,653.14,1,1
2024-11-28,Afriland,Virement interbancaire,3010356.65,XAF,5.9,695.68,1,1
2024-11-09,SIGMA,Règlement de titre,7789316.99,XAF,9.95,696.06,1,1
2025-03-17,BEAC,Prélèvement fiscal,2551708.91,EUR,4.67,673.72,1,1
2025-07-09,SIGMA,Prélèvement fiscal,1817323.3,XAF,5.2,623.68,1,1
2025-03-05,Ecobank,Paiement international,501833.26,EUR,7.41,612.01,1,1
2025-01-22,UBA,Crédit,5022934.41,XAF,3.84,601.32,1,1
2025-06-05,SIGMA,Règlement de titre,2884571.38,USD,7.98,576.35,1,1
2025-03-17,Ecobank,Crédit,3286522.54,USD,8.08,608.55,1,1
2025-02-09,BEAC,Paiement masse salariale,4227593.01,EUR,4.05,551.44,1,1
2024-07-30,SYSTAC,Transfert de fonds,5519154.86,USD,2.16,562.25,1,1
2025-06-05,SCB,Paiement international,9982667.71,XAF,3.61,567.42,1,1
2024-08-29,UBA,Crédit,7507857.72,USD,6.77,683.9,1,1
2025-03-20,BEAC,Débit,8453813.88,XAF,8.01,690.29,1,1
2025-03-25,SYSTAC,Transfert de fonds,8236765.23,EUR,5.04,636.07,1,1
2025-05-26,BICEC,Crédit,141197.24,USD,3.86,565.73,1,1
2024-11-23,Afriland,Paiement international,9007198.03,EUR,5.78,574.61,1,1
2024-08-09,SIGMA,Paiement masse salariale,228874.73,USD,8.89,562.47,1,1
2024-12-08,SIGMA,Prélèvement fiscal,7948322.67,USD,5.02,675.62,1,1
2024-09-28,Afriland,Paiement masse salariale,5403071.82,XAF,3.81,634.4,1,1
2025-03-29,BEAC,Règlement de titre,3312213.74,USD,5.06,618.69,1,1
2025-01-03,UBA,Débit,1679422.63,XAF,3.19,598.1,1,1
2025-01-22,Afriland,Virement interbancaire,3962323.47,XAF,5.8,639.19,1,1
2024-08-11,UBA,Crédit,4961893.54,EUR,3.54,589.39,1,1
2025-07-23,Ecobank,Paiement international,6766066.43,USD,7.07,599.85,1,1
2025-07-26,SIGMA,Débit,6247124.38,XAF,3.62,574.08,0,1
2024-09-09,SCB,Prélèvement fiscal,7136073.26,USD,4.83,570.99,1,1
2024-12-06,SYSTAC,Paiement international,6381191.47,XAF,7.73,571.63,1,1
2025-02-27,BEAC,Paiement international,4511513.96,XAF,7.26,564.47,1,1
2025-07-20,SYSTAC,Paiement international,2343911.08,USD,8.74,633.5,1,1
2024-12-18,SCB,Crédit,6578333.66,USD,9.09,666.21,1,1
2024-10-02,Ecobank,Débit,2307302.66,XAF,5.19,685.55,1,1
2024-08-03,BICEC,Paiement international,2703212.17,XAF,6.28,565.17,1,1
2025-07-05,Ecobank,Crédit,6077355.16,USD,3.45,669.47,1,1
2024-09-04,BICEC,Virement interbancaire,728297.46,EUR,9.87,687.06,1,1
2024-10-24,SCB,Paiement international,4235983.43,USD,5.64,674.2,1,1
2024-09-15,BEAC,Règlement de titre,687514.38,EUR,3.47,658.5,1,1
2024-08-12,SIGMA,Crédit,8857510.59,USD,3.31,684.53,0,1
2025-02-27,SCB,Virement interbancaire,2132668.52,USD,9.71,644.1,1,1
2025-03-17,UBA,Crédit,7076163.43,EUR,6.15,640.17,1,1
2025-01-31,SYSTAC,Transfert de fonds,9738863.94,EUR,3.95,577.52,1,1
2025-05-31,BICEC,Transfert de fonds,5391061.2,EUR,7.65,555.54,1,1
2025-02-06,BEAC,Paiement international,6330016.43,EUR,4.12,685.48,1,1
2025-04-21,BICEC,Paiement international,7870851.57,XAF,4.56,659.46,1,1
2025-06-23,BEAC,Transfert de fonds,5786206.08,EUR,6.21,632.34,1,1
2025-07-15,Afriland,Règlement de titre,5160648.32,USD,7.19,630.79,1,1
2025-01-22,SYSTAC,Transfert de fonds,5476428.74,USD,8.73,649.32,1,1
2024-11-29,BEAC,Virement interbancaire,4292855.26,XAF,2.26,674.27,1,1
2025-01-03,SCB,Règlement de titre,8850165.88,EUR,6.65,670.84,1,1
2025-03-25,Ecobank,Crédit,4198548.38,USD,3.22,698.49,1,1
2025-03-24,SYSTAC,Règlement de titre,5718341.25,XAF,6.26,651.21,1,1
2025-01-11,BEAC,Règlement de titre,9587226.0,XAF,7.28,597.72,1,1
2025-03-28,SCB,Crédit,9651860.86,XAF,6.02,576.36,1,1
2024-12-08,SYSTAC,Crédit,3434842.59,EUR,8.94,694.9,1,1
2024-09-24,Ecobank,Crédit,1399697.56,USD,5.81,590.02,1,1
2024-11-15,UBA,Transfert de fonds,4018655.85,USD,7.9,693.94,1,1
2025-04-06,SIGMA,Débit,44371.38,USD,3.44,558.32,1,1
2024-12-23,Ecobank,Paiement masse salariale,4664311.86,EUR,9.98,666.23,1,1
2025-05-04,BEAC,Crédit,4231596.35,EUR,9.49,684.94,1,1
2025-07-10,SIGMA,Crédit,4515550.1,XAF,4.8,611.83,1,1
2025-03-30,Ecobank,Règlement de titre,3967087.2,XAF,4.56,602.52,1,1
2024-08-23,Afriland,Règlement de titre,3778619.07,EUR,7.2,667.22,1,1
2025-07-22,Afriland,Prélèvement fiscal,1999707.97,XAF,6.96,578.61,1,1
2025-01-31,BICEC,Débit,7425094.65,USD,7.11,612.41,1,1
2025-06-11,BICEC,Règlement de titre,9831473.76,USD,2.55,684.24,1,1
2024-11-27,SIGMA,Virement interbancaire,863408.05,USD,5.64,603.63,1,1
2025-06-30,SCB,Paiement international,71578.67,XAF,5.38,609.51,1,1
2024-11-22,Afriland,Règlement de titre,3586161.3,USD,6.47,697.14,1,1
2025-05-11,Ecobank,Virement interbancaire,9498201.32,USD,7.57,656.1,1,1
2024-08-16,SCB,Débit,4326280.13,XAF,3.62,608.39,1,1
2025-05-13,UBA,Règlement de titre,2117391.78,XAF,6.63,619.91,1,1
2024-11-02,SCB,Virement interbancaire,4879055.83,EUR,2.89,687.65,1,1
2024-11-15,Afriland,Règlement de titre,9614527.94,USD,2.74,656.15,0,1
2025-05-11,Ecobank,Paiement masse salariale,1538494.75,EUR,6.68,671.32,1,1
2025-06-30,SYSTAC,Transfert de fonds,1224848.32,USD,7.15,679.38,1,1
2024-12-26,Ecobank,Paiement masse salariale,9436834.08,EUR,2.39,641.46,1,1
2024-12-12,UBA,Prélèvement fiscal,8037069.61,USD,8.43,624.66,1,1
2025-05-27,SCB,Virement interbancaire,6838319.84,USD,7.27,611.8,1,1
2025-02-27,BICEC,Débit,7036326.31,USD,8.58,650.09,1,1
2024-09-17,BEAC,Transfert de fonds,1462241.71,USD,2.8,640.36,1,1
2025-07-27,Afriland,Règlement de titre,5039958.45,USD,2.45,687.54,1,1
2025-04-12,Ecobank,Transfert de fonds,5051078.52,XAF,2.51,682.79,0,1
2024-09-15,BEAC,Paiement international,4303515.78,EUR,3.35,636.02,1,1
2025-03-09,SIGMA,Débit,6379098.33,USD,6.09,594.77,1,1
2024-12-05,SYSTAC,Crédit,9657136.96,USD,8.03,688.23,1,1
2025-07-27,BICEC,Débit,5872326.43,USD,2.92,652.27,1,1
2024-10-27,Ecobank,Débit,3755562.13,USD,6.29,582.63,1,1
2025-04-04,SIGMA,Prélèvement fiscal,7168745.69,USD,9.14,570.17,1,1
2025-07-22,UBA,Crédit,4877338.39,XAF,5.68,648.81,1,1
2024-09-04,BICEC,Règlement de titre,7737339.87,EUR,2.73,679.69,1,1
2025-01-10,SYSTAC,Règlement de titre,1591714.87,USD,3.6,635.57,1,1
2024-11-03,UBA,Paiement masse salariale,9873453.66,XAF,6.18,677.38,1,1
2025-03-06,BEAC,Paiement international,4762151.3,EUR,8.73,576.73,1,1
2024-11-14,BICEC,Crédit,2115915.18,EUR,2.19,573.27,1,1
2025-03-26,Afriland,Règlement de titre,9699853.6,USD,9.66,585.45,1,1
2025-05-18,SIGMA,Débit,3886551.26,EUR,2.03,562.46,1,1
2025-01-13,UBA,Débit,296145.84,EUR,5.04,693.03,1,1
2025-01-24,SIGMA,Débit,5058689.65,USD,8.44,566.46,1,1
2025-04-05,SIGMA,Paiement masse salariale,6437886.4,XAF,5.34,628.01,1,1
2025-04-07,SYSTAC,Débit,6545704.3,USD,2.86,691.33,1,1
